-- phpMyAdmin SQL Dump
-- version 5.2.1
-- https://www.phpmyadmin.net/
--
-- Host: 127.0.0.1
-- Generation Time: Jun 29, 2025 at 08:46 PM
-- Server version: 10.4.32-MariaDB
-- PHP Version: 8.2.12

SET SQL_MODE = "NO_AUTO_VALUE_ON_ZERO";
START TRANSACTION;
SET time_zone = "+00:00";


/*!40101 SET @OLD_CHARACTER_SET_CLIENT=@@CHARACTER_SET_CLIENT */;
/*!40101 SET @OLD_CHARACTER_SET_RESULTS=@@CHARACTER_SET_RESULTS */;
/*!40101 SET @OLD_COLLATION_CONNECTION=@@COLLATION_CONNECTION */;
/*!40101 SET NAMES utf8mb4 */;

--
-- Database: `ecasinosite`
--

-- --------------------------------------------------------

--
-- Table structure for table `casino_status`
--

CREATE TABLE `casino_status` (
  `id` int(11) NOT NULL,
  `token_balance` decimal(18,4) DEFAULT NULL
) ENGINE=InnoDB DEFAULT CHARSET=utf8mb4 COLLATE=utf8mb4_general_ci;

--
-- Dumping data for table `casino_status`
--

INSERT INTO `casino_status` (`id`, `token_balance`) VALUES
(1, 203111.0000);

-- --------------------------------------------------------

--
-- Table structure for table `games`
--

CREATE TABLE `games` (
  `id` int(11) NOT NULL,
  `user_id` int(11) DEFAULT NULL,
  `game_type` varchar(50) DEFAULT NULL,
  `result` varchar(50) DEFAULT NULL,
  `bet_amount` float DEFAULT NULL,
  `timestamp` datetime DEFAULT current_timestamp()
) ENGINE=InnoDB DEFAULT CHARSET=utf8mb4 COLLATE=utf8mb4_general_ci;

--
-- Dumping data for table `games`
--

INSERT INTO `games` (`id`, `user_id`, `game_type`, `result`, `bet_amount`, `timestamp`) VALUES
(1, 5, 'Coin Flip', 'Tails', 10, '2025-06-12 20:08:55'),
(2, 5, 'Coin Flip', 'Tails', 10, '2025-06-12 21:10:42'),
(3, 5, 'Coin Flip', 'Heads', 10, '2025-06-12 23:13:52'),
(4, 5, 'Coin Flip', 'Heads', 10, '2025-06-12 23:30:47'),
(5, 5, 'Coin Flip', 'Heads', 10, '2025-06-12 23:55:50'),
(6, 5, 'Coin Flip', 'Heads', 11, '2025-06-13 00:22:52'),
(7, 5, 'Coin Flip', 'Heads', 10, '2025-06-13 00:26:24'),
(8, 5, 'Coin Flip', 'Tails', 10, '2025-06-13 00:51:35'),
(9, 5, 'Coin Flip', 'Heads', 10, '2025-06-13 00:51:41'),
(10, 5, 'Coin Flip', 'Heads', 10, '2025-06-13 00:51:45'),
(11, 5, 'Coin Flip', 'Heads', 10, '2025-06-13 01:13:00'),
(12, 5, 'Coin Flip', 'Heads', 10, '2025-06-13 01:24:08'),
(13, 5, 'Coin Flip', 'Heads', 10, '2025-06-13 01:41:07'),
(14, 5, 'Coin Flip', 'Heads', 10, '2025-06-13 01:41:47'),
(15, 5, 'Coin Flip', 'Tails', 10, '2025-06-13 01:42:39'),
(16, 5, 'Coin Flip', 'Tails', 10, '2025-06-13 01:42:45'),
(17, 5, 'Coin Flip', 'Heads', 10, '2025-06-13 01:42:49'),
(18, 5, 'Coin Flip', 'Heads', 10, '2025-06-13 01:42:55'),
(19, 5, 'Coin Flip', 'Tails', 10, '2025-06-13 01:48:51'),
(20, 5, 'Coin Flip', 'Heads', 20, '2025-06-13 01:48:58'),
(21, 5, 'Coin Flip', 'Tails', 10, '2025-06-13 01:52:48'),
(22, 5, 'Coin Flip', 'Heads', 10, '2025-06-13 01:52:53'),
(23, 5, 'Coin Flip', 'Heads', 10, '2025-06-13 01:56:52'),
(24, 5, 'Coin Flip', 'Heads', 10, '2025-06-13 02:00:11'),
(25, 5, 'Coin Flip', 'Heads', 10, '2025-06-13 02:05:27'),
(26, 5, 'Coin Flip', 'Heads', 10, '2025-06-13 02:08:02'),
(27, 5, 'Coin Flip', 'Tails', 10, '2025-06-13 02:09:28'),
(28, 5, 'Coin Flip', 'Tails', 20, '2025-06-13 02:09:34'),
(29, 5, 'Coin Flip', 'Heads', 30, '2025-06-13 02:09:38'),
(30, 5, 'Coin Flip', 'Tails', 10, '2025-06-13 02:09:43'),
(31, 5, 'Coin Flip', 'Tails', 10, '2025-06-13 02:09:46'),
(32, 5, 'Coin Flip', 'Tails', 10, '2025-06-13 02:09:49'),
(33, 5, 'Coin Flip', 'Tails', 50, '2025-06-13 02:09:53'),
(34, 5, 'Coin Flip', 'Heads', 10, '2025-06-13 02:09:57'),
(35, 5, 'Coin Flip', 'Heads', 20, '2025-06-13 02:10:02'),
(36, 5, 'Coin Flip', 'Tails', 20, '2025-06-13 02:10:07'),
(37, 5, 'Coin Flip', 'Tails', 10, '2025-06-13 02:12:11'),
(38, 5, 'Coin Flip', 'Heads', 20, '2025-06-13 02:12:15'),
(39, 5, 'Coin Flip', 'Tails', 30, '2025-06-13 02:12:19'),
(40, 5, 'Coin Flip', 'Tails', 40, '2025-06-13 02:12:25'),
(41, 5, 'Coin Flip', 'Heads', 10, '2025-06-13 02:13:00'),
(42, 5, 'Coin Flip', 'Heads', 10, '2025-06-13 02:17:10'),
(43, 5, 'Coin Flip', 'Heads', 10, '2025-06-13 02:19:36'),
(44, 5, 'Coin Flip', 'Tails', 10, '2025-06-13 02:19:48'),
(45, 5, 'Coin Flip', 'Tails', 10, '2025-06-13 02:19:52'),
(46, 5, 'Coin Flip', 'Tails', 20, '2025-06-13 02:19:55'),
(47, 5, 'Coin Flip', 'Tails', 50, '2025-06-13 02:20:01'),
(48, 5, 'Coin Flip', 'Tails', 20, '2025-06-13 02:20:07'),
(49, 5, 'Coin Flip', 'Tails', 10, '2025-06-13 02:20:32'),
(50, 5, 'Coin Flip', 'Heads', 20, '2025-06-13 02:20:36'),
(51, 5, 'Coin Flip', 'Tails', 20, '2025-06-13 02:22:00'),
(52, 5, 'Coin Flip', 'Tails', 10, '2025-06-13 02:22:04'),
(53, 5, 'Coin Flip', 'Heads', 20, '2025-06-13 02:22:08'),
(54, 5, 'Coin Flip', 'Heads', 20, '2025-06-13 02:23:40'),
(55, 5, 'Coin Flip', 'Heads', 20, '2025-06-13 02:23:52'),
(56, 5, 'Coin Flip', 'Heads', 20, '2025-06-13 02:24:56'),
(57, 5, 'Coin Flip', 'Heads', 20, '2025-06-13 02:25:28'),
(58, 5, 'Coin Flip', 'Heads', 10, '2025-06-13 02:25:40'),
(59, 5, 'Coin Flip', 'Heads', 10, '2025-06-13 02:37:53'),
(60, 5, 'Coin Flip', 'Heads', 10, '2025-06-13 02:38:57'),
(61, 5, 'Coin Flip', 'Heads', 10, '2025-06-13 02:40:39'),
(62, 5, 'Coin Flip', 'Tails', 10, '2025-06-13 02:40:42'),
(63, 5, 'Coin Flip', 'Heads', 10, '2025-06-13 02:40:48'),
(64, 5, 'Coin Flip', 'Heads', 10, '2025-06-13 02:41:51'),
(65, 5, 'Coin Flip', 'Heads', 10, '2025-06-13 02:45:47'),
(66, 5, 'Coin Flip', 'Tails', 10, '2025-06-13 02:51:59'),
(67, 5, 'Coin Flip', 'Tails', 100, '2025-06-13 02:52:31'),
(68, 5, 'Coin Flip', 'Heads', 10, '2025-06-13 02:53:07'),
(69, 5, 'Coin Flip', 'Tails', 10, '2025-06-13 02:54:57'),
(70, 5, 'Coin Flip', 'Tails', 10, '2025-06-13 02:55:00'),
(71, 5, 'Coin Flip', 'Heads', 20, '2025-06-13 02:55:05'),
(72, 5, 'Coin Flip', 'Tails', 20, '2025-06-13 02:55:06'),
(73, 5, 'Coin Flip', 'Heads', 10, '2025-06-13 02:55:10'),
(74, 5, 'Coin Flip', 'Heads', 10, '2025-06-13 02:55:15'),
(75, 5, 'Coin Flip', 'Heads', 10, '2025-06-13 02:55:21'),
(76, 5, 'Coin Flip', 'Tails', 10, '2025-06-13 02:56:35'),
(77, 5, 'Coin Flip', 'Tails', 10, '2025-06-13 02:56:39'),
(78, 5, 'Coin Flip', 'Heads', 10, '2025-06-13 02:56:44'),
(79, 5, 'Coin Flip', 'Tails', 10, '2025-06-13 02:56:52'),
(80, 5, 'Coin Flip', 'Tails', 10, '2025-06-13 02:58:52'),
(81, 5, 'Coin Flip', 'Tails', 10, '2025-06-13 02:58:56'),
(82, 5, 'Coin Flip', 'Tails', 10, '2025-06-13 02:59:01'),
(83, 5, 'Coin Flip', 'Tails', 10, '2025-06-13 05:02:45'),
(84, 5, 'Coin Flip', 'Heads', 10, '2025-06-13 05:02:49'),
(85, 5, 'Coin Flip', 'Tails', 10, '2025-06-13 05:06:06'),
(86, 5, 'Coin Flip', 'Heads', 10, '2025-06-13 05:06:12'),
(87, 5, 'Coin Flip', 'Heads', 10, '2025-06-13 05:07:17'),
(88, 5, 'Coin Flip', 'Heads', 10, '2025-06-13 05:07:54'),
(89, 5, 'Coin Flip', 'Tails', 10, '2025-06-13 05:16:02'),
(90, 5, 'Coin Flip', 'Heads', 20, '2025-06-13 05:16:05'),
(91, 5, 'Coin Flip', 'Heads', 10, '2025-06-13 05:17:34'),
(92, 5, 'Coin Flip', 'Heads', 10, '2025-06-13 05:32:12'),
(93, 5, 'Coin Flip', 'Tails', 10, '2025-06-13 05:32:15'),
(94, 5, 'Coin Flip', 'Tails', 10, '2025-06-13 05:32:20'),
(95, 5, 'Coin Flip', 'Tails', 20, '2025-06-13 05:32:28'),
(96, 5, 'Coin Flip', 'Tails', 20, '2025-06-13 05:32:32'),
(97, 5, 'Coin Flip', 'Heads', 20, '2025-06-13 05:32:35'),
(98, 5, 'Coin Flip', 'Tails', 20, '2025-06-13 05:32:40'),
(99, 5, 'Coin Flip', 'Heads', 20, '2025-06-13 05:32:44'),
(100, 5, 'Coin Flip', 'Heads', 10, '2025-06-13 05:32:52'),
(101, 5, 'Coin Flip', 'Heads', 40, '2025-06-13 05:32:57'),
(102, 5, 'Coin Flip', 'Tails', 10, '2025-06-13 05:33:01'),
(103, 5, 'Coin Flip', 'Heads', 20, '2025-06-13 05:33:04'),
(104, 5, 'Coin Flip', 'Heads', 30, '2025-06-13 05:33:08'),
(105, 5, 'Coin Flip', 'Tails', 30, '2025-06-13 05:33:12'),
(106, 5, 'Coin Flip', 'Tails', 10, '2025-06-13 05:33:18'),
(107, 5, 'Coin Flip', 'Heads', 20, '2025-06-13 05:33:22'),
(108, 5, 'Coin Flip', 'Tails', 10, '2025-06-13 09:34:08'),
(109, 5, 'Coin Flip', 'Tails', 20, '2025-06-13 09:34:12'),
(110, 5, 'Coin Flip', 'Heads', 30, '2025-06-13 09:34:17'),
(111, 5, 'Coin Flip', 'Heads', 10, '2025-06-13 09:40:44'),
(112, 5, 'Coin Flip', 'Heads', 10, '2025-06-13 09:44:05'),
(113, 5, 'Coin Flip', 'Tails', 10, '2025-06-13 09:44:57'),
(114, 5, 'Coin Flip', 'Tails', 30, '2025-06-13 09:45:01'),
(115, 5, 'Coin Flip', 'Heads', 40, '2025-06-13 09:45:04'),
(116, 5, 'Coin Flip', 'Tails', 10, '2025-06-13 09:45:10'),
(117, 5, 'Coin Flip', 'Tails', 20, '2025-06-13 09:45:13'),
(118, 5, 'Coin Flip', 'Tails', 30, '2025-06-13 09:45:17'),
(119, 5, 'Coin Flip', 'Tails', 40, '2025-06-13 09:45:21'),
(120, 5, 'Coin Flip', 'Tails', 50, '2025-06-13 09:45:25'),
(121, 5, 'Coin Flip', 'Heads', 10, '2025-06-13 09:45:29'),
(122, 5, 'Coin Flip', 'Heads', 10, '2025-06-13 09:45:34'),
(123, 5, 'Coin Flip', 'Heads', 20, '2025-06-13 09:45:38'),
(124, 5, 'Coin Flip', 'Tails', 30, '2025-06-13 09:45:42'),
(125, 5, 'Coin Flip', 'Heads', 30, '2025-06-13 09:45:45'),
(126, 5, 'Coin Flip', 'Heads', 10, '2025-06-13 09:45:49'),
(127, 5, 'Coin Flip', 'Tails', 20, '2025-06-13 09:45:58'),
(128, 5, 'Coin Flip', 'Heads', 10, '2025-06-13 09:46:02'),
(129, 5, 'Coin Flip', 'Tails', 10, '2025-06-13 09:46:06'),
(130, 5, 'Coin Flip', 'Heads', 10, '2025-06-13 09:47:04'),
(131, 5, 'Coin Flip', 'Heads', 20, '2025-06-13 09:47:09'),
(132, 5, 'Coin Flip', 'Heads', 10, '2025-06-13 09:54:54'),
(133, 5, 'Coin Flip', 'Heads', 20, '2025-06-13 09:54:59'),
(134, 5, 'Coin Flip', 'Tails', 20, '2025-06-13 09:55:03'),
(135, 5, 'Coin Flip', 'Heads', 20, '2025-06-13 09:55:25'),
(136, 5, 'Coin Flip', 'Heads', 100, '2025-06-13 09:55:30'),
(137, 5, 'Coin Flip', 'Tails', 10, '2025-06-13 09:58:19'),
(138, 5, 'Coin Flip', 'Tails', 10, '2025-06-13 10:08:44'),
(139, 5, 'Coin Flip', 'Heads', 10, '2025-06-13 10:11:45'),
(140, 5, 'Coin Flip', 'Tails', 20, '2025-06-13 10:11:50'),
(141, 5, 'Coin Flip', 'Heads', 10, '2025-06-13 10:34:35'),
(142, 5, 'Coin Flip', 'Heads', 20, '2025-06-13 10:34:38'),
(143, 5, 'Coin Flip', 'Heads', 30, '2025-06-13 10:34:41'),
(144, 5, 'Coin Flip', 'Tails', 100, '2025-06-13 10:34:47'),
(145, 5, 'Coin Flip', 'Heads', 10, '2025-06-13 10:35:15'),
(146, 5, 'Coin Flip', 'Tails', 10, '2025-06-13 10:35:25'),
(147, 5, 'Coin Flip', 'Tails', 10, '2025-06-13 10:35:33'),
(148, 5, 'Coin Flip', 'Tails', 20, '2025-06-13 10:35:38'),
(149, 5, 'Coin Flip', 'Heads', 30, '2025-06-13 10:35:42'),
(150, 5, 'Coin Flip', 'Tails', 10, '2025-06-13 10:35:48'),
(151, 5, 'Coin Flip', 'Heads', 20, '2025-06-13 10:35:52'),
(152, 5, 'Coin Flip', 'Heads', 10, '2025-06-13 11:06:44'),
(153, 5, 'Coin Flip', 'Tails', 10, '2025-06-13 11:06:49'),
(154, 5, 'Coin Flip', 'Heads', 20, '2025-06-13 11:06:53'),
(155, 5, 'Coin Flip', 'Heads', 10, '2025-06-13 11:13:04'),
(156, 5, 'Coin Flip', 'Tails', 10, '2025-06-13 11:15:12'),
(157, 5, 'Coin Flip', 'Tails', 10, '2025-06-13 11:16:06'),
(158, 5, 'Coin Flip', 'Tails', 10, '2025-06-13 11:19:09'),
(159, 5, 'Coin Flip', 'Tails', 10, '2025-06-13 11:19:19'),
(160, 5, 'Coin Flip', 'Heads', 20, '2025-06-13 11:19:22'),
(161, 5, 'Coin Flip', 'Tails', 10, '2025-06-13 11:19:26'),
(162, 5, 'Coin Flip', 'Tails', 10, '2025-06-13 11:19:30'),
(163, 5, 'Coin Flip', 'Tails', 20, '2025-06-13 11:19:34'),
(164, 5, 'Coin Flip', 'Heads', 70, '2025-06-13 11:19:37'),
(165, 5, 'Coin Flip', 'Heads', 10, '2025-06-13 11:41:22'),
(166, 5, 'Coin Flip', 'Tails', 10, '2025-06-13 11:43:29'),
(167, 5, 'Coin Flip', 'Heads', 20, '2025-06-13 11:43:33'),
(168, 5, 'Coin Flip', 'Heads', 10, '2025-06-13 12:10:50'),
(169, 5, 'Coin Flip', 'Tails', 10, '2025-06-13 12:23:58'),
(170, 5, 'Coin Flip', 'Tails', 10, '2025-06-13 13:14:46'),
(171, 5, 'Coin Flip', 'Heads', 10, '2025-06-13 13:32:55'),
(172, 5, 'Coin Flip', 'Heads', 10, '2025-06-13 13:34:15'),
(173, 5, 'Coin Flip', 'Tails', 10, '2025-06-13 13:39:32'),
(174, 5, 'Coin Flip', 'Tails', 10, '2025-06-13 13:55:00'),
(175, 5, 'Coin Flip', 'Tails', 10, '2025-06-13 14:10:44'),
(176, 5, 'Coin Flip', 'Heads', 10, '2025-06-13 14:11:47'),
(177, 5, 'Coin Flip', 'Tails', 10, '2025-06-13 14:11:51'),
(178, 5, 'Coin Flip', 'Heads', 10, '2025-06-13 14:11:55'),
(179, 5, 'Coin Flip', 'Heads', 10, '2025-06-13 14:16:20'),
(180, 5, 'Coin Flip', 'Tails', 10, '2025-06-13 14:22:14'),
(181, 5, 'Coin Flip', 'Tails', 10, '2025-06-13 14:27:02'),
(182, 5, 'Coin Flip', 'Tails', 10, '2025-06-13 14:32:05'),
(183, 5, 'Coin Flip', 'Tails', 10, '2025-06-13 14:37:22'),
(184, 5, 'Coin Flip', 'Tails', 10, '2025-06-13 14:37:26'),
(185, 5, 'Coin Flip', 'Tails', 10, '2025-06-13 14:37:29'),
(186, 5, 'Coin Flip', 'Tails', 10, '2025-06-13 14:37:35'),
(187, 5, 'Coin Flip', 'Tails', 10, '2025-06-13 14:47:39'),
(188, 5, 'Coin Flip', 'Tails', 10, '2025-06-13 14:47:48'),
(189, 5, 'Coin Flip', 'Tails', 10, '2025-06-13 14:47:51'),
(190, 5, 'Coin Flip', 'Tails', 10, '2025-06-13 14:47:55'),
(191, 5, 'Coin Flip', 'Tails', 10, '2025-06-13 14:48:06'),
(192, 5, 'Coin Flip', 'Tails', 10, '2025-06-13 14:54:48'),
(193, 5, 'Coin Flip', 'Tails', 10, '2025-06-13 14:58:20'),
(194, 5, 'Coin Flip', 'Tails', 10, '2025-06-13 14:58:27'),
(195, 5, 'Coin Flip', 'Tails', 10, '2025-06-13 14:59:21'),
(196, 5, 'Coin Flip', 'Heads', 10, '2025-06-13 15:01:56'),
(197, 5, 'Coin Flip', 'Heads', 10, '2025-06-13 15:02:22'),
(198, 5, 'Coin Flip', 'Tails', 10, '2025-06-13 15:05:56'),
(199, 5, 'Coin Flip', 'Heads', 10, '2025-06-13 15:06:00'),
(200, 5, 'Coin Flip', 'Tails', 10, '2025-06-13 15:08:16'),
(201, 5, 'Coin Flip', 'Heads', 10, '2025-06-13 15:08:20'),
(202, 5, 'Coin Flip', 'Tails', 10, '2025-06-13 15:08:24'),
(203, 5, 'Coin Flip', 'Tails', 10, '2025-06-13 15:08:27'),
(204, 5, 'Coin Flip', 'Heads', 10, '2025-06-13 15:08:30'),
(205, 5, 'Coin Flip', 'Tails', 10, '2025-06-13 15:08:33'),
(206, 5, 'Coin Flip', 'Tails', 10, '2025-06-13 15:08:36'),
(207, 5, 'Coin Flip', 'Heads', 10, '2025-06-13 15:08:39'),
(208, 5, 'Coin Flip', 'Tails', 10, '2025-06-13 15:08:42'),
(209, 5, 'Coin Flip', 'Heads', 10, '2025-06-13 15:08:45'),
(210, 5, 'Coin Flip', 'Heads', 10, '2025-06-13 15:08:49'),
(211, 5, 'Coin Flip', 'Tails', 10, '2025-06-13 15:08:52'),
(212, 5, 'Coin Flip', 'Heads', 10, '2025-06-13 15:08:55'),
(213, 5, 'Coin Flip', 'Tails', 10, '2025-06-13 15:08:58'),
(214, 5, 'Coin Flip', 'Heads', 10, '2025-06-13 15:09:03'),
(215, 5, 'Coin Flip', 'Heads', 10, '2025-06-13 15:09:06'),
(216, 5, 'Coin Flip', 'Heads', 10, '2025-06-13 15:09:10'),
(217, 5, 'Coin Flip', 'Heads', 10, '2025-06-13 19:26:20'),
(218, 5, 'Coin Flip', 'Tails', 10, '2025-06-13 19:27:26'),
(219, 5, 'Coin Flip', 'Heads', 10, '2025-06-13 19:27:38'),
(220, 5, 'Coin Flip', 'Heads', 10, '2025-06-13 19:27:41'),
(221, 5, 'Coin Flip', 'Heads', 10, '2025-06-13 19:40:39'),
(222, 5, 'Coin Flip', 'Heads', 10, '2025-06-13 23:11:04'),
(223, 5, 'Coin Flip', 'Tails', 10, '2025-06-13 23:11:31'),
(224, 5, 'Coin Flip', 'Heads', 10, '2025-06-13 23:12:29'),
(225, 5, 'Coin Flip', 'Tails', 10, '2025-06-13 23:13:52'),
(226, 5, 'Coin Flip', 'Tails', 10, '2025-06-13 23:16:06'),
(227, 5, 'Coin Flip', 'Tails', 0, '2025-06-13 23:35:42'),
(228, 5, 'Coin Flip', 'Tails', 0, '2025-06-13 23:37:06'),
(229, 5, 'Coin Flip', 'Heads', 0, '2025-06-13 23:37:16'),
(230, 5, 'Coin Flip', 'Heads', 0, '2025-06-13 23:41:20'),
(231, 5, 'Coin Flip', 'Heads', 10, '2025-06-13 23:54:03'),
(232, 5, 'Coin Flip', 'Tails', 0, '2025-06-13 23:55:27'),
(233, 5, 'Coin Flip', 'Tails', 0, '2025-06-13 23:56:02'),
(234, 5, 'Coin Flip', 'Tails', 0, '2025-06-13 23:56:21'),
(235, 5, 'Coin Flip', 'Heads', 0, '2025-06-13 23:56:31'),
(236, 5, 'Coin Flip', 'Heads', 0, '2025-06-13 23:56:34'),
(237, 5, 'Coin Flip', 'Heads', 0, '2025-06-13 23:57:04'),
(238, 5, 'Coin Flip', 'Heads', 10, '2025-06-13 23:57:10'),
(239, 5, 'Coin Flip', 'Tails', 0, '2025-06-13 23:58:13'),
(240, 5, 'Coin Flip', 'Heads', 0, '2025-06-13 23:59:00'),
(241, 5, 'Coin Flip', 'Tails', 10, '2025-06-13 23:59:47'),
(242, 5, 'Coin Flip', 'Heads', 100, '2025-06-13 23:59:53'),
(243, 5, 'Coin Flip', 'Heads', 10, '2025-06-14 00:00:02'),
(244, 5, 'Coin Flip', 'Heads', 10, '2025-06-14 00:00:08'),
(245, 5, 'Coin Flip', 'Tails', 10, '2025-06-14 00:00:58'),
(246, 5, 'Coin Flip', 'Tails', 10, '2025-06-14 00:01:26'),
(247, 5, 'Coin Flip', 'Heads', 10, '2025-06-14 00:01:39'),
(248, 5, 'Coin Flip', 'Heads', 10, '2025-06-14 00:02:22'),
(249, 5, 'Coin Flip', 'Tails', 0, '2025-06-14 00:03:01'),
(250, 5, 'Color Bet', 'Black', 10, '2025-06-14 02:22:51'),
(251, 5, 'Coin Flip', 'Tails', 0, '2025-06-14 02:46:47'),
(252, 5, 'Coin Flip', 'Heads', 10, '2025-06-14 02:48:06'),
(253, 5, 'Coin Flip', 'Tails', 10, '2025-06-14 02:48:21'),
(254, 5, 'Coin Flip', 'Heads', 10, '2025-06-14 02:48:52'),
(255, 5, 'Coin Flip', 'Tails', 10, '2025-06-14 02:58:39'),
(256, 5, 'Coin Flip', 'Heads', 20, '2025-06-14 08:42:57'),
(257, 5, 'Coin Flip', 'Tails', 0, '2025-06-14 08:45:56'),
(258, 5, 'Coin Flip', 'Heads', 0, '2025-06-14 08:46:38'),
(259, 5, 'Coin Flip', 'Heads', 0, '2025-06-14 08:49:56'),
(260, 5, 'Coin Flip', 'Heads', 0, '2025-06-14 08:51:05'),
(261, 5, 'Coin Flip', 'Heads', 0, '2025-06-14 08:52:35'),
(262, 5, 'Coin Flip', 'Heads', 0, '2025-06-14 08:59:08'),
(263, 5, 'Coin Flip', 'Heads', 0, '2025-06-14 08:59:33'),
(264, 5, 'Coin Flip', 'Heads', 0, '2025-06-14 09:02:06'),
(265, 5, 'Coin Flip', 'Heads', 0, '2025-06-14 09:03:28'),
(266, 5, 'Coin Flip', 'Heads', 10, '2025-06-14 09:03:45'),
(267, 5, 'Coin Flip', 'Tails', 0, '2025-06-14 09:04:05'),
(268, 5, 'Coin Flip', 'Tails', 0, '2025-06-14 09:09:25'),
(269, 5, 'Coin Flip', 'Tails', 0, '2025-06-14 09:10:48'),
(270, 5, 'Coin Flip', 'Tails', 0, '2025-06-14 09:11:59'),
(271, 5, 'Coin Flip', 'Tails', 0, '2025-06-14 09:15:47'),
(272, 5, 'Coin Flip', 'Tails', 0, '2025-06-14 09:19:30'),
(273, 5, 'Coin Flip', 'Heads', 0, '2025-06-14 09:23:16'),
(274, 5, 'Coin Flip', 'Heads', 25, '2025-06-14 09:24:51'),
(275, 5, 'Coin Flip', 'Tails', 50, '2025-06-14 09:25:27'),
(276, 5, 'Coin Flip', 'Heads', 50, '2025-06-14 09:27:03'),
(277, 5, 'Coin Flip', 'Tails', 25, '2025-06-14 09:27:09'),
(278, 5, 'Coin Flip', 'Heads', 50, '2025-06-14 09:27:55'),
(279, 5, 'Coin Flip', 'Heads', 0, '2025-06-14 09:28:21'),
(280, 5, 'Coin Flip', 'Tails', 0, '2025-06-14 09:29:33'),
(281, 5, 'Coin Flip', 'Heads', 25, '2025-06-14 09:30:15'),
(282, 5, 'Coin Flip', 'Heads', 25, '2025-06-14 09:30:33'),
(283, 5, 'Coin Flip', 'Tails', 10, '2025-06-14 09:31:31'),
(284, 5, 'Coin Flip', 'Tails', 10, '2025-06-14 09:31:38'),
(285, 5, 'Coin Flip', 'Tails', 0, '2025-06-14 09:31:51'),
(286, 5, 'Coin Flip', 'Tails', 0, '2025-06-14 09:36:04'),
(287, 5, 'Coin Flip', 'Tails', 0, '2025-06-14 09:40:16'),
(288, 5, 'Coin Flip', 'Tails', 0, '2025-06-14 09:40:16'),
(289, 5, 'Coin Flip', 'Tails', 0, '2025-06-14 09:40:45'),
(290, 5, 'Coin Flip', 'Heads', 0, '2025-06-14 09:41:07'),
(291, 5, 'Color Bet', 'Red', 10, '2025-06-14 09:45:05'),
(292, 5, 'Color Bet', 'Red', 10, '2025-06-14 09:45:55'),
(293, 5, 'Color Bet', 'Green', 5, '2025-06-14 09:46:09'),
(294, 5, 'Color Bet', 'Red', 10, '2025-06-14 09:48:00'),
(295, 5, 'Color Bet', 'Black', 10, '2025-06-14 09:51:04'),
(296, 5, 'Color Bet', 'Red', 10, '2025-06-14 09:51:22'),
(297, 5, 'Color Bet', 'Black', 10, '2025-06-14 09:52:21'),
(298, 5, 'Color Bet', 'Red', 10, '2025-06-14 09:54:13'),
(299, 5, 'Color Bet', 'Red', 10, '2025-06-14 09:55:17'),
(300, 5, 'Color Bet', 'Red', 10, '2025-06-14 10:52:08'),
(301, 5, 'Color Bet', 'Green', 10, '2025-06-14 10:53:18'),
(302, 5, 'Color Bet', 'Red', 10, '2025-06-14 10:53:56'),
(303, 5, 'Color Bet', 'Red', 10, '2025-06-14 11:02:04'),
(304, 5, 'Color Bet', 'Red', 10, '2025-06-14 11:02:29'),
(305, 5, 'Color Bet', 'Black', 10, '2025-06-14 11:02:46'),
(306, 5, 'Color Bet', 'Red', 10, '2025-06-14 11:03:20'),
(307, 5, 'Color Bet', 'Red', 10, '2025-06-14 11:03:31'),
(308, 5, 'Color Bet', 'Red', 10, '2025-06-14 11:03:36'),
(309, 5, 'Color Bet', 'Black', 10, '2025-06-14 11:03:40'),
(310, 5, 'Color Bet', 'Black', 10, '2025-06-14 11:03:51'),
(311, 5, 'Color Bet', 'Red', 10, '2025-06-14 11:03:55'),
(312, 5, 'Color Bet', 'Green', 10, '2025-06-14 11:04:06'),
(313, 5, 'High-Low', '✅ You guessed right! You won 20 tokens (Streak: 1)', 10, '2025-06-14 11:08:30'),
(314, 5, 'High-Low', '✅ You guessed right! You won 21 tokens (Streak: 2)', 10, '2025-06-14 11:09:03'),
(315, 5, 'High-Low', '✅ You guessed right! You won 22 tokens (Streak: 3)', 10, '2025-06-14 11:09:40'),
(316, 5, 'High-Low', '❌ Wrong guess. You lost 10 tokens.', 10, '2025-06-14 11:13:59'),
(317, 5, 'High-Low', '✅ You guessed right! You won 20 tokens (Streak: 1)', 10, '2025-06-14 11:15:52'),
(318, 5, 'Blackjack', 'lose', 10, '2025-06-14 11:25:18'),
(319, 5, 'Blackjack', 'lose', 10, '2025-06-14 11:25:25'),
(320, 5, 'Blackjack', 'lose', 10, '2025-06-14 11:25:26'),
(321, 5, 'Blackjack', 'lose', 10, '2025-06-14 11:25:27'),
(322, 5, 'Blackjack', 'lose', 10, '2025-06-14 11:25:29'),
(323, 5, 'Blackjack', 'lose', 10, '2025-06-14 11:25:29'),
(324, 5, 'Blackjack', 'lose', 10, '2025-06-14 11:25:30'),
(325, 5, 'Blackjack', 'lose', 10, '2025-06-14 11:25:31'),
(326, 5, 'Blackjack', 'lose', 10, '2025-06-14 11:25:32'),
(327, 5, 'Blackjack', 'lose', 10, '2025-06-14 11:25:32'),
(328, 5, 'Blackjack', 'lose', 10, '2025-06-14 11:25:32'),
(329, 5, 'Blackjack', 'lose', 10, '2025-06-14 11:25:32'),
(330, 5, 'Blackjack', 'lose', 10, '2025-06-14 11:25:32'),
(331, 5, 'Blackjack', 'lose', 10, '2025-06-14 11:25:32'),
(332, 5, 'Blackjack', 'lose', 10, '2025-06-14 11:25:33'),
(333, 5, 'Blackjack', 'lose', 10, '2025-06-14 11:25:33'),
(334, 5, 'Blackjack', 'lose', 10, '2025-06-14 11:25:33'),
(335, 5, 'Blackjack', 'lose', 10, '2025-06-14 11:25:33'),
(336, 5, 'Blackjack', 'lose', 10, '2025-06-14 11:25:34'),
(337, 5, 'Blackjack', 'lose', 10, '2025-06-14 11:25:34'),
(338, 5, 'Blackjack', 'lose', 10, '2025-06-14 11:25:35'),
(339, 5, 'Blackjack', 'lose', 10, '2025-06-14 11:25:36'),
(340, 5, 'Blackjack', 'lose', 10, '2025-06-14 11:25:36'),
(341, 5, 'Blackjack', 'lose', 10, '2025-06-14 11:25:36'),
(342, 5, 'Blackjack', 'win', 10, '2025-06-14 11:25:44'),
(343, 5, 'Blackjack', 'lose', 10, '2025-06-14 11:26:36'),
(344, 5, 'Blackjack', 'lose', 10, '2025-06-14 11:26:41'),
(345, 5, 'Blackjack', 'lose', 10, '2025-06-14 11:26:44'),
(346, 5, 'Blackjack', 'lose', 10, '2025-06-14 11:26:46'),
(347, 5, 'Blackjack', 'lose', 10, '2025-06-14 11:26:46'),
(348, 5, 'Blackjack', 'lose', 10, '2025-06-14 11:26:46'),
(349, 5, 'Blackjack', 'lose', 10, '2025-06-14 11:26:46'),
(350, 5, 'Blackjack', 'lose', 10, '2025-06-14 11:26:47'),
(351, 5, 'Blackjack', 'lose', 10, '2025-06-14 11:26:47'),
(352, 5, 'Blackjack', 'lose', 10, '2025-06-14 11:26:48'),
(353, 5, 'Blackjack', 'lose', 10, '2025-06-14 11:26:49'),
(354, 5, 'Blackjack', 'lose', 10, '2025-06-14 11:26:49'),
(355, 5, 'Blackjack', 'lose', 10, '2025-06-14 11:26:49'),
(356, 5, 'Blackjack', 'lose', 10, '2025-06-14 11:26:49'),
(357, 5, 'Blackjack', 'lose', 10, '2025-06-14 11:26:49'),
(358, 5, 'Blackjack', 'lose', 10, '2025-06-14 11:26:49'),
(359, 5, 'Blackjack', 'lose', 10, '2025-06-14 11:26:49'),
(360, 5, 'Blackjack', 'lose', 10, '2025-06-14 11:26:50'),
(361, 5, 'Blackjack', 'lose', 10, '2025-06-14 11:26:50'),
(362, 5, 'Blackjack', 'lose', 10, '2025-06-14 11:26:51'),
(363, 5, 'Blackjack', 'lose', 10, '2025-06-14 11:26:51'),
(364, 5, 'Blackjack', 'lose', 10, '2025-06-14 11:26:51'),
(365, 5, 'Blackjack', 'lose', 10, '2025-06-14 11:26:51'),
(366, 5, 'Blackjack', 'lose', 10, '2025-06-14 11:26:51'),
(367, 5, 'Blackjack', 'lose', 10, '2025-06-14 11:26:52'),
(368, 5, 'Blackjack', 'lose', 10, '2025-06-14 11:26:52'),
(369, 5, 'Blackjack', 'lose', 10, '2025-06-14 11:26:52'),
(370, 5, 'Blackjack', 'lose', 10, '2025-06-14 11:26:52'),
(371, 5, 'Blackjack', 'lose', 10, '2025-06-14 11:26:52'),
(372, 5, 'Blackjack', 'lose', 10, '2025-06-14 11:26:52'),
(373, 5, 'Blackjack', 'lose', 10, '2025-06-14 11:26:53'),
(374, 5, 'Blackjack', 'lose', 10, '2025-06-14 11:26:54'),
(375, 5, 'Blackjack', 'lose', 10, '2025-06-14 11:26:54'),
(376, 5, 'Blackjack', 'lose', 10, '2025-06-14 11:26:54'),
(377, 5, 'Blackjack', 'lose', 10, '2025-06-14 11:26:54'),
(378, 5, 'Blackjack', 'lose', 10, '2025-06-14 11:29:14'),
(379, 5, 'Blackjack', 'lose', 10, '2025-06-14 11:29:18'),
(380, 5, 'Blackjack', 'lose', 10, '2025-06-14 11:46:38'),
(381, 5, 'Blackjack', 'lose', 10, '2025-06-14 11:48:41'),
(382, 5, 'Blackjack', 'lose', 10, '2025-06-14 11:48:54'),
(383, 5, 'Blackjack', 'lose', 10, '2025-06-14 11:49:05'),
(384, 5, 'Blackjack', 'lose', 10, '2025-06-14 11:49:20'),
(385, 5, 'Tower Climb', 'Level 0', 10, '2025-06-14 12:03:39'),
(386, 5, 'Tower Climb', 'Level 0', 8, '2025-06-14 12:03:51'),
(387, 5, 'Tower Climb', 'Level 1', 10, '2025-06-14 12:04:04'),
(388, 5, 'Tower Climb', 'Level 3', 10, '2025-06-14 12:05:08'),
(389, 5, 'Tower Climb', 'Level 1', 10, '2025-06-14 12:05:55'),
(390, 5, 'Tower Climb', 'Level 1', 10, '2025-06-14 12:06:11'),
(391, 5, 'Tower Climb', 'Failed at Level 0', 10, '2025-06-14 12:28:23'),
(392, 5, 'Tower Climb', 'Failed at Level 0', 10, '2025-06-14 12:28:31'),
(393, 5, 'Tower Climb', 'Cashed Out at Level 1', 10, '2025-06-14 12:28:40'),
(394, 5, 'Tower Climb', 'Cashed Out at Level 2', 10, '2025-06-14 12:28:57'),
(395, 5, 'Tower Climb', 'Failed at Level 1', 10, '2025-06-14 12:29:57'),
(396, 5, 'Tower Climb', 'Failed at Level 0', 10, '2025-06-14 12:31:43'),
(397, 5, 'Tower Climb', 'Failed at Level 1', 10, '2025-06-14 12:31:51'),
(401, 11, 'Color Bet', 'Red', 10, '2025-06-14 15:30:52'),
(402, 11, 'Color Bet', 'Black', 10, '2025-06-14 15:53:44'),
(403, 11, 'Color Bet', 'Red', 10, '2025-06-14 19:27:07'),
(404, 11, 'Color Bet', 'Black', 10, '2025-06-15 09:17:00'),
(405, 11, 'High-Low', '✅ You guessed right! You won 20 tokens (Streak: 1)', 10, '2025-06-15 09:17:13'),
(406, 11, 'High-Low', '✅ You guessed right! You won 42 tokens (Streak: 2)', 20, '2025-06-15 09:17:22'),
(407, 11, 'High-Low', '❌ Wrong guess. You lost 20 tokens.', 20, '2025-06-15 09:17:28'),
(408, 11, 'Color Bet', 'Black', 10, '2025-06-15 09:35:48'),
(409, 11, 'Color Bet', 'Red', 10, '2025-06-15 11:53:46'),
(410, 11, 'Tower Climb', 'Cashed Out at Level 1', 10, '2025-06-15 12:12:17'),
(411, 11, 'High-Low', '✅ You guessed right! You won 20 tokens (Streak: 1)', 10, '2025-06-15 12:12:38'),
(412, 11, 'High-Low', '❌ Wrong guess. You lost 10 tokens.', 10, '2025-06-15 12:13:08'),
(413, 11, 'Coin Flip', 'Tails', 10, '2025-06-15 12:17:18'),
(414, 11, 'Coin Flip', 'Heads', 10, '2025-06-15 12:17:39'),
(415, 11, 'Coin Flip', 'Heads', 10, '2025-06-15 12:18:47'),
(416, 11, 'Color Bet', 'Black', 10, '2025-06-15 12:19:14'),
(417, 11, 'Color Bet', 'Green', 10, '2025-06-15 12:20:25'),
(418, 11, 'Color Bet', 'Black', 10, '2025-06-15 12:20:30'),
(419, 11, 'Color Bet', 'Green', 10, '2025-06-15 12:20:34'),
(420, 11, 'Color Bet', 'Green', 10, '2025-06-15 12:20:38'),
(421, 11, 'Color Bet', 'Red', 10, '2025-06-15 12:20:42'),
(422, 11, 'Color Bet', 'Black', 10, '2025-06-15 12:22:46'),
(423, 11, 'Color Bet', 'Black', 10, '2025-06-15 12:22:50'),
(424, 11, 'Color Bet', 'Red', 10, '2025-06-15 12:22:56'),
(425, 11, 'Color Bet', 'Black', 10, '2025-06-15 12:22:59'),
(426, 11, 'Color Bet', 'Red', 10, '2025-06-15 12:23:02'),
(427, 11, 'Color Bet', 'Black', 10, '2025-06-15 12:23:07'),
(428, 11, 'Color Bet', 'Red', 10, '2025-06-15 12:23:11'),
(429, 11, 'Color Bet', 'Black', 10, '2025-06-15 12:23:14'),
(430, 11, 'Color Bet', 'Black', 10, '2025-06-15 12:23:17'),
(431, 11, 'Color Bet', 'Red', 10, '2025-06-15 12:23:21'),
(432, 11, 'Color Bet', 'Black', 10, '2025-06-15 12:23:24'),
(433, 11, 'Color Bet', 'Black', 110, '2025-06-15 12:23:27'),
(434, 11, 'Color Bet', 'Green', 100, '2025-06-15 12:23:30'),
(435, 11, 'Color Bet', 'Black', 10, '2025-06-15 12:26:05'),
(436, 11, 'High-Low', '✅ Correct! You won 20 tokens (Streak: 1)', 10, '2025-06-15 12:34:50'),
(437, 11, 'High-Low', '❌ Wrong guess. You lost 10 tokens.', 10, '2025-06-15 12:35:02'),
(438, 11, 'Tower Climb', 'Failed at Level 0', 10, '2025-06-15 12:38:35'),
(439, 11, 'Tower Climb', 'Failed at Level 0', 10, '2025-06-15 12:38:48'),
(440, 11, 'Tower Climb', 'Failed at Level 2', 10, '2025-06-15 12:39:06'),
(441, 11, 'Blackjack', 'Lose', 10, '2025-06-15 12:49:13'),
(442, 11, 'Blackjack', 'Win', 10, '2025-06-15 12:49:56'),
(443, 11, 'Blackjack', 'Bust', 10, '2025-06-15 12:51:38'),
(444, 11, 'Blackjack', 'Win', 10, '2025-06-15 12:51:47'),
(445, 11, 'Blackjack', 'Bust', 10, '2025-06-15 12:52:37'),
(446, 11, 'Blackjack', 'Push', 10, '2025-06-15 12:54:15'),
(447, 11, 'Blackjack', 'Win', 10, '2025-06-15 12:54:47'),
(448, 11, 'Blackjack', 'Win', 10, '2025-06-15 13:00:41'),
(449, 11, 'Blackjack', 'Lose', 10, '2025-06-15 13:01:46'),
(450, 11, 'Blackjack', 'Bust', 10, '2025-06-15 13:05:44'),
(451, 11, 'Blackjack', 'Win', 10, '2025-06-15 13:06:31'),
(452, 11, 'Blackjack', 'Bust', 10, '2025-06-15 13:08:48'),
(453, 11, 'Blackjack', 'Bust', 10, '2025-06-15 13:08:55'),
(454, 11, 'Blackjack', 'Lose', 10, '2025-06-15 13:09:03'),
(455, 11, 'Blackjack', 'Push', 10, '2025-06-15 13:09:17'),
(456, 11, 'Blackjack', 'Lose', 10, '2025-06-15 13:09:32'),
(457, 11, 'Blackjack', 'Bust', 10, '2025-06-15 13:09:43'),
(458, 11, 'Blackjack', 'Bust', 10, '2025-06-15 13:09:58'),
(459, 11, 'Blackjack', 'Win', 10, '2025-06-15 13:10:06'),
(460, 11, 'Blackjack', 'Bust', 10, '2025-06-15 13:13:15'),
(461, 11, 'Blackjack', 'Win', 10, '2025-06-15 13:13:22'),
(462, 11, 'Blackjack', 'Win', 10, '2025-06-15 13:14:00'),
(463, 11, 'Blackjack', 'Bust', 10, '2025-06-15 13:14:59'),
(464, 11, 'Blackjack', 'Bust', 10, '2025-06-15 13:15:04'),
(465, 11, 'Blackjack', 'Lose', 10, '2025-06-15 13:15:10'),
(466, 11, 'Blackjack', 'Win', 10, '2025-06-15 13:15:20'),
(467, 11, 'Blackjack', 'Push', 10, '2025-06-15 13:16:10'),
(468, 11, 'Blackjack', 'Win', 10, '2025-06-15 13:16:16'),
(469, 11, 'Blackjack', 'Bust', 10, '2025-06-22 19:35:41'),
(470, 11, 'Blackjack', 'Win', 10, '2025-06-22 19:37:22'),
(471, 11, 'Blackjack', 'Bust', 10, '2025-06-22 19:40:39'),
(472, 11, 'Blackjack', 'Lose', 10, '2025-06-22 19:51:53'),
(473, 11, 'Blackjack', 'Bust', 10, '2025-06-22 19:52:09'),
(474, 11, 'Blackjack', 'Win', 10, '2025-06-22 19:52:53'),
(475, 11, 'Coin Flip', 'Tails', 10, '2025-06-22 20:57:50'),
(476, 11, 'Coin Flip', 'Tails', 10, '2025-06-22 21:16:53'),
(477, 11, 'Tower Climb', 'Failed at Level 4', 10, '2025-06-22 21:48:20'),
(478, 11, 'Tower Climb', 'Cashed Out at Level 6', 10, '2025-06-22 21:54:35'),
(479, 11, 'Color Bet', 'Yellow', 100000, '2025-06-22 22:31:10'),
(480, 11, 'High-Low', 'Win', 10, '2025-06-22 22:50:45'),
(481, 11, 'High-Low', 'Win', 10, '2025-06-22 22:50:53'),
(482, 11, 'High-Low', 'Win', 10, '2025-06-22 22:51:04'),
(483, 11, 'High-Low', 'Lose', 10, '2025-06-22 22:51:10'),
(484, 11, 'High-Low', 'Win', 10, '2025-06-22 22:51:20'),
(485, 11, 'High-Low', 'Lose', 10, '2025-06-22 22:51:25'),
(486, 11, 'High-Low', 'Win', 10, '2025-06-22 22:51:33'),
(487, 11, 'Blackjack', 'Bust', 10, '2025-06-23 13:31:11'),
(488, 11, 'Blackjack', 'Lose', 10, '2025-06-23 13:31:19'),
(489, 11, 'Coin Flip', 'Tails', 10, '2025-06-23 13:31:32'),
(490, 11, 'Coin Flip', 'Tails', 10, '2025-06-23 13:31:40'),
(491, 11, 'Tower Climb', 'Failed at Level 1', 10, '2025-06-23 13:31:57'),
(492, 11, 'Color Bet', 'Red', 10, '2025-06-23 13:32:10'),
(493, 11, 'High-Low', 'Lose', 10, '2025-06-23 13:32:26'),
(494, 11, 'Blackjack', 'Push', 10, '2025-06-24 11:14:44'),
(495, 11, 'Coin Flip', 'Heads', 10, '2025-06-24 11:15:23'),
(496, 11, 'Tower Climb', 'Failed at Level 0', 10, '2025-06-24 11:17:29'),
(497, 11, 'Color Bet', 'Black', 10, '2025-06-24 11:18:11'),
(498, 11, 'High-Low', 'Lose', 10, '2025-06-24 11:19:04'),
(499, 11, 'Color Bet', 'Blue', 10, '2025-06-24 11:19:13'),
(500, 11, 'Color Bet', 'Blue', 10, '2025-06-24 11:19:22'),
(501, 11, 'Coin Flip', 'Heads', 10, '2025-06-24 11:19:35'),
(502, 11, 'Blackjack', 'Bust', 10, '2025-06-24 11:19:47'),
(503, 11, 'Tower Climb', 'Failed at Level 0', 10, '2025-06-24 11:19:59'),
(504, 11, 'Tower Climb', 'Failed at Level 0', 10, '2025-06-24 11:20:04'),
(505, 11, 'Tower Climb', 'Failed at Level 2', 10, '2025-06-24 11:20:26');

-- --------------------------------------------------------

--
-- Table structure for table `mining_log`
--

CREATE TABLE `mining_log` (
  `id` int(11) NOT NULL,
  `user_id` int(11) DEFAULT NULL,
  `mined_tokens` float DEFAULT NULL,
  `mined_at` timestamp NOT NULL DEFAULT current_timestamp()
) ENGINE=InnoDB DEFAULT CHARSET=utf8mb4 COLLATE=utf8mb4_general_ci;

--
-- Dumping data for table `mining_log`
--

INSERT INTO `mining_log` (`id`, `user_id`, `mined_tokens`, `mined_at`) VALUES
(1, 11, 1, '2025-06-14 08:08:28'),
(2, 11, 1, '2025-06-15 04:11:49'),
(3, 11, 10, '2025-06-22 09:07:04'),
(4, 11, 50, '2025-06-22 15:08:09'),
(5, 11, 10, '2025-06-22 17:23:33'),
(6, 11, 10, '2025-06-23 04:51:37'),
(7, 11, 10, '2025-06-23 14:48:47'),
(8, 20, 10, '2025-06-24 00:07:27'),
(9, 24, 10, '2025-06-24 03:13:23'),
(10, 11, 10, '2025-06-24 03:21:01');

-- --------------------------------------------------------

--
-- Table structure for table `transactions`
--

CREATE TABLE `transactions` (
  `id` int(11) NOT NULL,
  `user_id` int(11) DEFAULT NULL,
  `type` enum('deposit','withdraw','bet','win','mine') DEFAULT NULL,
  `amount` float DEFAULT NULL,
  `timestamp` datetime DEFAULT current_timestamp()
) ENGINE=InnoDB DEFAULT CHARSET=utf8mb4 COLLATE=utf8mb4_general_ci;

--
-- Dumping data for table `transactions`
--

INSERT INTO `transactions` (`id`, `user_id`, `type`, `amount`, `timestamp`) VALUES
(1, 5, 'bet', 10, '2025-06-12 20:08:55'),
(2, 5, 'bet', 10, '2025-06-12 21:10:42'),
(3, 5, 'win', 10, '2025-06-12 23:13:52'),
(4, 5, 'win', 10, '2025-06-12 23:30:47'),
(5, 5, 'win', 10, '2025-06-12 23:55:50'),
(6, 5, 'win', 11, '2025-06-13 00:22:52'),
(7, 5, 'win', 10, '2025-06-13 00:26:24'),
(8, 5, 'bet', 10, '2025-06-13 00:51:35'),
(9, 5, 'win', 10, '2025-06-13 00:51:41'),
(10, 5, 'win', 10, '2025-06-13 00:51:45'),
(11, 5, 'win', 10, '2025-06-13 01:13:00'),
(12, 5, 'win', 10, '2025-06-13 01:24:08'),
(13, 5, 'win', 10, '2025-06-13 01:41:07'),
(14, 5, 'win', 10, '2025-06-13 01:41:47'),
(15, 5, 'bet', 10, '2025-06-13 01:42:39'),
(16, 5, 'bet', 10, '2025-06-13 01:42:45'),
(17, 5, 'win', 10, '2025-06-13 01:42:49'),
(18, 5, 'win', 10, '2025-06-13 01:42:55'),
(19, 5, 'bet', 10, '2025-06-13 01:48:51'),
(20, 5, 'win', 20, '2025-06-13 01:48:58'),
(21, 5, 'bet', 10, '2025-06-13 01:52:48'),
(22, 5, 'win', 10, '2025-06-13 01:52:53'),
(23, 5, 'win', 10, '2025-06-13 01:56:52'),
(24, 5, 'win', 10, '2025-06-13 02:00:11'),
(25, 5, 'win', 10, '2025-06-13 02:05:27'),
(26, 5, 'win', 10, '2025-06-13 02:08:02'),
(27, 5, 'bet', 10, '2025-06-13 02:09:28'),
(28, 5, 'bet', 20, '2025-06-13 02:09:34'),
(29, 5, 'win', 30, '2025-06-13 02:09:38'),
(30, 5, 'bet', 10, '2025-06-13 02:09:43'),
(31, 5, 'bet', 10, '2025-06-13 02:09:46'),
(32, 5, 'bet', 10, '2025-06-13 02:09:49'),
(33, 5, 'bet', 50, '2025-06-13 02:09:53'),
(34, 5, 'win', 10, '2025-06-13 02:09:57'),
(35, 5, 'win', 20, '2025-06-13 02:10:02'),
(36, 5, 'bet', 20, '2025-06-13 02:10:07'),
(37, 5, 'bet', 10, '2025-06-13 02:12:11'),
(38, 5, 'bet', 20, '2025-06-13 02:12:15'),
(39, 5, 'bet', 30, '2025-06-13 02:12:19'),
(40, 5, 'bet', 40, '2025-06-13 02:12:25'),
(41, 5, 'win', 10, '2025-06-13 02:13:00'),
(42, 5, 'win', 10, '2025-06-13 02:17:10'),
(43, 5, 'win', 10, '2025-06-13 02:19:36'),
(44, 5, 'bet', 10, '2025-06-13 02:19:48'),
(45, 5, 'bet', 10, '2025-06-13 02:19:52'),
(46, 5, 'bet', 20, '2025-06-13 02:19:55'),
(47, 5, 'bet', 50, '2025-06-13 02:20:01'),
(48, 5, 'bet', 20, '2025-06-13 02:20:07'),
(49, 5, 'bet', 10, '2025-06-13 02:20:32'),
(50, 5, 'win', 20, '2025-06-13 02:20:36'),
(51, 5, 'bet', 20, '2025-06-13 02:22:00'),
(52, 5, 'bet', 10, '2025-06-13 02:22:04'),
(53, 5, 'win', 20, '2025-06-13 02:22:08'),
(54, 5, 'win', 20, '2025-06-13 02:23:40'),
(55, 5, 'win', 20, '2025-06-13 02:23:52'),
(56, 5, 'win', 20, '2025-06-13 02:24:56'),
(57, 5, 'win', 20, '2025-06-13 02:25:28'),
(58, 5, 'win', 10, '2025-06-13 02:25:40'),
(59, 5, 'win', 10, '2025-06-13 02:37:53'),
(60, 5, 'win', 10, '2025-06-13 02:38:57'),
(61, 5, 'win', 10, '2025-06-13 02:40:39'),
(62, 5, 'bet', 10, '2025-06-13 02:40:42'),
(63, 5, 'win', 10, '2025-06-13 02:40:48'),
(64, 5, 'win', 10, '2025-06-13 02:41:51'),
(65, 5, 'win', 10, '2025-06-13 02:45:47'),
(66, 5, 'bet', 10, '2025-06-13 02:51:59'),
(67, 5, 'bet', 100, '2025-06-13 02:52:31'),
(68, 5, 'win', 10, '2025-06-13 02:53:07'),
(69, 5, 'bet', 10, '2025-06-13 02:54:57'),
(70, 5, 'bet', 10, '2025-06-13 02:55:00'),
(71, 5, 'win', 20, '2025-06-13 02:55:05'),
(72, 5, 'bet', 20, '2025-06-13 02:55:06'),
(73, 5, 'win', 10, '2025-06-13 02:55:10'),
(74, 5, 'win', 10, '2025-06-13 02:55:15'),
(75, 5, 'win', 10, '2025-06-13 02:55:21'),
(76, 5, 'bet', 10, '2025-06-13 02:56:35'),
(77, 5, 'bet', 10, '2025-06-13 02:56:39'),
(78, 5, 'win', 10, '2025-06-13 02:56:44'),
(79, 5, 'bet', 10, '2025-06-13 02:56:52'),
(80, 5, 'bet', 10, '2025-06-13 02:58:52'),
(81, 5, 'win', 10, '2025-06-13 02:58:56'),
(82, 5, 'win', 10, '2025-06-13 02:59:01'),
(83, 5, 'bet', 10, '2025-06-13 05:02:45'),
(84, 5, 'win', 10, '2025-06-13 05:02:49'),
(85, 5, 'bet', 10, '2025-06-13 05:06:06'),
(86, 5, 'win', 10, '2025-06-13 05:06:12'),
(87, 5, 'win', 10, '2025-06-13 05:07:17'),
(88, 5, 'win', 10, '2025-06-13 05:07:54'),
(89, 5, 'bet', 10, '2025-06-13 05:16:02'),
(90, 5, 'win', 20, '2025-06-13 05:16:05'),
(91, 5, 'win', 10, '2025-06-13 05:17:34'),
(92, 5, 'bet', 10, '2025-06-13 05:32:12'),
(93, 5, 'bet', 10, '2025-06-13 05:32:15'),
(94, 5, 'bet', 10, '2025-06-13 05:32:20'),
(95, 5, 'bet', 20, '2025-06-13 05:32:28'),
(96, 5, 'bet', 20, '2025-06-13 05:32:32'),
(97, 5, 'win', 20, '2025-06-13 05:32:35'),
(98, 5, 'bet', 20, '2025-06-13 05:32:40'),
(99, 5, 'win', 20, '2025-06-13 05:32:44'),
(100, 5, 'bet', 10, '2025-06-13 05:32:52'),
(101, 5, 'win', 40, '2025-06-13 05:32:57'),
(102, 5, 'bet', 10, '2025-06-13 05:33:01'),
(103, 5, 'win', 20, '2025-06-13 05:33:04'),
(104, 5, 'bet', 30, '2025-06-13 05:33:08'),
(105, 5, 'win', 30, '2025-06-13 05:33:12'),
(106, 5, 'bet', 10, '2025-06-13 05:33:18'),
(107, 5, 'win', 20, '2025-06-13 05:33:22'),
(108, 5, 'bet', 10, '2025-06-13 09:34:08'),
(109, 5, 'bet', 20, '2025-06-13 09:34:12'),
(110, 5, 'win', 30, '2025-06-13 09:34:17'),
(111, 5, 'win', 10, '2025-06-13 09:40:44'),
(112, 5, 'win', 10, '2025-06-13 09:44:05'),
(113, 5, 'bet', 10, '2025-06-13 09:44:57'),
(114, 5, 'bet', 30, '2025-06-13 09:45:01'),
(115, 5, 'win', 40, '2025-06-13 09:45:04'),
(116, 5, 'bet', 10, '2025-06-13 09:45:10'),
(117, 5, 'bet', 20, '2025-06-13 09:45:13'),
(118, 5, 'bet', 30, '2025-06-13 09:45:17'),
(119, 5, 'bet', 40, '2025-06-13 09:45:21'),
(120, 5, 'bet', 50, '2025-06-13 09:45:25'),
(121, 5, 'win', 10, '2025-06-13 09:45:29'),
(122, 5, 'win', 10, '2025-06-13 09:45:34'),
(123, 5, 'win', 20, '2025-06-13 09:45:38'),
(124, 5, 'bet', 30, '2025-06-13 09:45:42'),
(125, 5, 'win', 30, '2025-06-13 09:45:45'),
(126, 5, 'win', 10, '2025-06-13 09:45:49'),
(127, 5, 'win', 20, '2025-06-13 09:45:58'),
(128, 5, 'win', 10, '2025-06-13 09:46:02'),
(129, 5, 'bet', 10, '2025-06-13 09:46:06'),
(130, 5, 'bet', 10, '2025-06-13 09:47:04'),
(131, 5, 'win', 20, '2025-06-13 09:47:09'),
(132, 5, 'bet', 10, '2025-06-13 09:54:54'),
(133, 5, 'bet', 20, '2025-06-13 09:54:59'),
(134, 5, 'win', 20, '2025-06-13 09:55:03'),
(135, 5, 'bet', 20, '2025-06-13 09:55:25'),
(136, 5, 'win', 100, '2025-06-13 09:55:30'),
(137, 5, 'win', 10, '2025-06-13 09:58:19'),
(138, 5, 'win', 10, '2025-06-13 10:08:44'),
(139, 5, 'bet', 10, '2025-06-13 10:11:45'),
(140, 5, 'win', 20, '2025-06-13 10:11:50'),
(141, 5, 'bet', 10, '2025-06-13 10:34:35'),
(142, 5, 'win', 20, '2025-06-13 10:34:38'),
(143, 5, 'win', 30, '2025-06-13 10:34:41'),
(144, 5, 'win', 100, '2025-06-13 10:34:47'),
(145, 5, 'win', 10, '2025-06-13 10:35:15'),
(146, 5, 'bet', 10, '2025-06-13 10:35:25'),
(147, 5, 'bet', 10, '2025-06-13 10:35:33'),
(148, 5, 'bet', 20, '2025-06-13 10:35:38'),
(149, 5, 'win', 30, '2025-06-13 10:35:42'),
(150, 5, 'bet', 10, '2025-06-13 10:35:48'),
(151, 5, 'win', 20, '2025-06-13 10:35:52'),
(152, 5, 'bet', 10, '2025-06-13 11:06:44'),
(153, 5, 'bet', 10, '2025-06-13 11:06:49'),
(154, 5, 'win', 20, '2025-06-13 11:06:53'),
(155, 5, 'win', 10, '2025-06-13 11:13:04'),
(156, 5, 'bet', 10, '2025-06-13 11:15:12'),
(157, 5, 'bet', 10, '2025-06-13 11:16:06'),
(158, 5, 'bet', 10, '2025-06-13 11:19:09'),
(159, 5, 'bet', 10, '2025-06-13 11:19:19'),
(160, 5, 'win', 20, '2025-06-13 11:19:22'),
(161, 5, 'bet', 10, '2025-06-13 11:19:26'),
(162, 5, 'bet', 10, '2025-06-13 11:19:30'),
(163, 5, 'bet', 20, '2025-06-13 11:19:34'),
(164, 5, 'win', 70, '2025-06-13 11:19:37'),
(165, 5, 'win', 10, '2025-06-13 11:41:22'),
(166, 5, 'bet', 10, '2025-06-13 11:43:29'),
(167, 5, 'win', 20, '2025-06-13 11:43:33'),
(168, 5, 'withdraw', 50, '2025-06-13 11:55:23'),
(169, 5, 'withdraw', 40, '2025-06-13 12:03:57'),
(170, 5, 'withdraw', 50, '2025-06-13 12:05:26'),
(171, 5, 'withdraw', 60, '2025-06-13 12:06:41'),
(172, 5, 'withdraw', 10, '2025-06-13 12:08:39'),
(173, 5, 'win', 10, '2025-06-13 12:10:50'),
(174, 5, 'withdraw', 50, '2025-06-13 12:11:54'),
(175, 5, 'withdraw', 10, '2025-06-13 12:14:04'),
(176, 5, 'withdraw', 10, '2025-06-13 12:14:59'),
(177, 5, 'withdraw', 10, '2025-06-13 12:18:52'),
(178, 5, 'withdraw', 79, '2025-06-13 12:19:56'),
(179, 5, 'withdraw', 11, '2025-06-13 12:22:18'),
(180, 5, 'win', 10, '2025-06-13 12:23:58'),
(181, 5, 'withdraw', 10, '2025-06-13 12:26:11'),
(182, 5, 'withdraw', 50, '2025-06-13 12:45:02'),
(183, 5, 'win', 10, '2025-06-13 13:14:46'),
(184, 5, 'withdraw', 100, '2025-06-13 13:30:28'),
(185, 5, 'bet', 10, '2025-06-13 13:32:55'),
(186, 5, 'bet', 10, '2025-06-13 13:34:15'),
(187, 5, 'win', 10, '2025-06-13 13:39:32'),
(188, 5, 'withdraw', 10, '2025-06-13 13:52:15'),
(189, 5, 'win', 10, '2025-06-13 13:55:00'),
(190, 5, 'bet', 10, '2025-06-13 14:10:44'),
(191, 5, 'bet', 10, '2025-06-13 14:11:47'),
(192, 5, 'bet', 10, '2025-06-13 14:11:51'),
(193, 5, 'bet', 10, '2025-06-13 14:11:55'),
(194, 5, 'bet', 10, '2025-06-13 14:16:20'),
(195, 5, 'bet', 10, '2025-06-13 14:22:14'),
(196, 5, 'bet', 10, '2025-06-13 14:27:02'),
(197, 5, 'bet', 10, '2025-06-13 14:32:05'),
(198, 5, 'bet', 10, '2025-06-13 14:37:22'),
(199, 5, 'bet', 10, '2025-06-13 14:37:26'),
(200, 5, 'bet', 10, '2025-06-13 14:37:29'),
(201, 5, 'bet', 10, '2025-06-13 14:37:35'),
(202, 5, 'bet', 10, '2025-06-13 14:47:39'),
(203, 5, 'bet', 10, '2025-06-13 14:47:48'),
(204, 5, 'bet', 10, '2025-06-13 14:47:51'),
(205, 5, 'bet', 10, '2025-06-13 14:47:55'),
(206, 5, 'bet', 10, '2025-06-13 14:48:06'),
(207, 5, 'bet', 10, '2025-06-13 14:54:48'),
(208, 5, 'bet', 10, '2025-06-13 14:58:20'),
(209, 5, 'bet', 10, '2025-06-13 14:58:27'),
(210, 5, 'bet', 10, '2025-06-13 14:59:21'),
(211, 5, 'win', 10, '2025-06-13 15:01:56'),
(212, 5, 'win', 10, '2025-06-13 15:02:22'),
(213, 5, 'bet', 10, '2025-06-13 15:05:56'),
(214, 5, 'win', 10, '2025-06-13 15:06:01'),
(215, 5, 'bet', 10, '2025-06-13 15:08:16'),
(216, 5, 'win', 10, '2025-06-13 15:08:20'),
(217, 5, 'bet', 10, '2025-06-13 15:08:24'),
(218, 5, 'bet', 10, '2025-06-13 15:08:27'),
(219, 5, 'win', 10, '2025-06-13 15:08:30'),
(220, 5, 'bet', 10, '2025-06-13 15:08:33'),
(221, 5, 'bet', 10, '2025-06-13 15:08:36'),
(222, 5, 'win', 10, '2025-06-13 15:08:39'),
(223, 5, 'bet', 10, '2025-06-13 15:08:42'),
(224, 5, 'win', 10, '2025-06-13 15:08:45'),
(225, 5, 'win', 10, '2025-06-13 15:08:49'),
(226, 5, 'bet', 10, '2025-06-13 15:08:52'),
(227, 5, 'win', 10, '2025-06-13 15:08:55'),
(228, 5, 'bet', 10, '2025-06-13 15:08:58'),
(229, 5, 'win', 10, '2025-06-13 15:09:03'),
(230, 5, 'win', 10, '2025-06-13 15:09:06'),
(231, 5, 'win', 10, '2025-06-13 15:09:10'),
(232, 5, 'withdraw', 10, '2025-06-13 15:09:31'),
(233, 5, 'withdraw', 10, '2025-06-13 15:10:27'),
(234, 5, 'win', 10, '2025-06-13 19:26:20'),
(235, 5, 'bet', 10, '2025-06-13 19:27:26'),
(236, 5, 'win', 10, '2025-06-13 19:27:38'),
(237, 5, 'win', 10, '2025-06-13 19:27:41'),
(238, 5, 'win', 10, '2025-06-13 19:40:39'),
(239, 5, 'withdraw', 10, '2025-06-13 20:16:01'),
(240, 5, 'withdraw', 10, '2025-06-13 22:09:44'),
(241, 5, 'withdraw', 10, '2025-06-13 22:14:04'),
(242, 5, 'withdraw', 19, '2025-06-13 22:15:34'),
(243, 5, 'withdraw', 1, '2025-06-13 22:17:39'),
(244, 5, 'withdraw', 10, '2025-06-13 22:22:57'),
(245, 5, 'withdraw', 10, '2025-06-13 22:36:12'),
(246, 5, 'withdraw', 10, '2025-06-13 22:36:25'),
(247, 5, 'withdraw', 1010, '2025-06-13 22:38:53'),
(248, 5, 'win', 10, '2025-06-13 23:11:04'),
(249, 5, 'bet', 10, '2025-06-13 23:11:31'),
(250, 5, 'win', 10, '2025-06-13 23:12:29'),
(251, 5, 'bet', 10, '2025-06-13 23:13:52'),
(252, 5, 'bet', 10, '2025-06-13 23:16:06'),
(253, 5, 'bet', 0, '2025-06-13 23:35:42'),
(254, 5, 'bet', 0, '2025-06-13 23:37:06'),
(255, 5, 'win', 0, '2025-06-13 23:37:16'),
(256, 5, 'win', 0, '2025-06-13 23:41:20'),
(257, 5, 'win', 10, '2025-06-13 23:54:03'),
(258, 5, 'bet', 0, '2025-06-13 23:55:27'),
(259, 5, 'bet', 0, '2025-06-13 23:56:02'),
(260, 5, 'bet', 0, '2025-06-13 23:56:21'),
(261, 5, 'win', 0, '2025-06-13 23:56:31'),
(262, 5, 'win', 0, '2025-06-13 23:56:34'),
(263, 5, 'win', 0, '2025-06-13 23:57:04'),
(264, 5, 'win', 10, '2025-06-13 23:57:10'),
(265, 5, 'bet', 0, '2025-06-13 23:58:13'),
(266, 5, 'win', 0, '2025-06-13 23:59:00'),
(267, 5, 'bet', 10, '2025-06-13 23:59:47'),
(268, 5, 'win', 100, '2025-06-13 23:59:53'),
(269, 5, 'win', 10, '2025-06-14 00:00:02'),
(270, 5, 'win', 10, '2025-06-14 00:00:08'),
(271, 5, 'bet', 10, '2025-06-14 00:00:58'),
(272, 5, 'bet', 10, '2025-06-14 00:01:26'),
(273, 5, 'win', 10, '2025-06-14 00:01:39'),
(274, 5, 'win', 10, '2025-06-14 00:02:22'),
(275, 5, 'bet', 0, '2025-06-14 00:03:01'),
(276, 5, 'withdraw', 10, '2025-06-14 01:47:10'),
(277, 5, 'bet', 10, '2025-06-14 02:22:51'),
(278, 5, 'bet', 0, '2025-06-14 02:46:47'),
(279, 5, 'win', 10, '2025-06-14 02:48:06'),
(280, 5, 'bet', 10, '2025-06-14 02:48:21'),
(281, 5, 'win', 10, '2025-06-14 02:48:52'),
(282, 5, 'bet', 10, '2025-06-14 02:58:39'),
(283, 5, 'win', 20, '2025-06-14 08:42:57'),
(284, 5, 'bet', 0, '2025-06-14 08:45:56'),
(285, 5, 'bet', 0, '2025-06-14 08:46:38'),
(286, 5, 'bet', 0, '2025-06-14 08:49:56'),
(287, 5, 'bet', 0, '2025-06-14 08:51:05'),
(288, 5, 'bet', 0, '2025-06-14 08:52:36'),
(289, 5, 'bet', 0, '2025-06-14 08:59:08'),
(290, 5, 'bet', 0, '2025-06-14 08:59:33'),
(291, 5, 'bet', 0, '2025-06-14 09:02:06'),
(292, 5, 'bet', 0, '2025-06-14 09:03:28'),
(293, 5, 'win', 10, '2025-06-14 09:03:45'),
(294, 5, 'bet', 0, '2025-06-14 09:04:05'),
(295, 5, 'bet', 0, '2025-06-14 09:09:25'),
(296, 5, 'bet', 0, '2025-06-14 09:10:48'),
(297, 5, 'bet', 0, '2025-06-14 09:11:59'),
(298, 5, 'bet', 0, '2025-06-14 09:15:47'),
(299, 5, 'bet', 0, '2025-06-14 09:19:30'),
(300, 5, 'bet', 0, '2025-06-14 09:23:16'),
(301, 5, 'win', 25, '2025-06-14 09:24:51'),
(302, 5, 'bet', 50, '2025-06-14 09:25:27'),
(303, 5, 'win', 50, '2025-06-14 09:27:03'),
(304, 5, 'bet', 25, '2025-06-14 09:27:09'),
(305, 5, 'win', 50, '2025-06-14 09:27:55'),
(306, 5, 'bet', 0, '2025-06-14 09:28:21'),
(307, 5, 'bet', 0, '2025-06-14 09:29:33'),
(308, 5, 'win', 25, '2025-06-14 09:30:15'),
(309, 5, 'win', 25, '2025-06-14 09:30:33'),
(310, 5, 'bet', 10, '2025-06-14 09:31:31'),
(311, 5, 'bet', 10, '2025-06-14 09:31:38'),
(312, 5, 'bet', 0, '2025-06-14 09:31:51'),
(313, 5, 'bet', 0, '2025-06-14 09:36:04'),
(314, 5, 'bet', 0, '2025-06-14 09:40:16'),
(315, 5, 'bet', 0, '2025-06-14 09:40:16'),
(316, 5, 'bet', 0, '2025-06-14 09:40:45'),
(317, 5, 'bet', 0, '2025-06-14 09:41:07'),
(318, 5, 'win', 10, '2025-06-14 09:45:05'),
(319, 5, 'win', 10, '2025-06-14 09:45:55'),
(320, 5, 'bet', 5, '2025-06-14 09:46:09'),
(321, 5, 'win', 10, '2025-06-14 09:48:00'),
(322, 5, 'bet', 10, '2025-06-14 09:51:04'),
(323, 5, 'win', 20, '2025-06-14 09:51:22'),
(324, 5, 'bet', 10, '2025-06-14 09:52:21'),
(325, 5, 'win', 20, '2025-06-14 09:54:13'),
(326, 5, 'win', 20, '2025-06-14 09:55:17'),
(327, 5, 'withdraw', 10, '2025-06-14 10:15:52'),
(328, 5, 'withdraw', 5, '2025-06-14 10:20:50'),
(329, 5, 'withdraw', 5, '2025-06-14 10:21:37'),
(330, 5, 'win', 10, '2025-06-14 10:52:08'),
(331, 5, 'bet', 10, '2025-06-14 10:53:18'),
(332, 5, 'win', 20, '2025-06-14 10:53:56'),
(333, 5, 'win', 20, '2025-06-14 11:02:04'),
(334, 5, 'win', 20, '2025-06-14 11:02:29'),
(335, 5, 'bet', 10, '2025-06-14 11:02:46'),
(336, 5, 'win', 20, '2025-06-14 11:03:20'),
(337, 5, 'bet', 10, '2025-06-14 11:03:31'),
(338, 5, 'bet', 10, '2025-06-14 11:03:36'),
(339, 5, 'win', 20, '2025-06-14 11:03:40'),
(340, 5, 'bet', 10, '2025-06-14 11:03:51'),
(341, 5, 'bet', 10, '2025-06-14 11:03:55'),
(342, 5, 'win', 140, '2025-06-14 11:04:06'),
(343, 5, 'win', 20, '2025-06-14 11:08:30'),
(344, 5, 'win', 21, '2025-06-14 11:09:03'),
(345, 5, 'win', 22, '2025-06-14 11:09:40'),
(346, 5, 'bet', 10, '2025-06-14 11:13:59'),
(347, 5, 'win', 20, '2025-06-14 11:15:52'),
(348, 5, 'bet', 10, '2025-06-14 11:25:18'),
(349, 5, 'bet', 10, '2025-06-14 11:25:25'),
(350, 5, 'bet', 10, '2025-06-14 11:25:26'),
(351, 5, 'bet', 10, '2025-06-14 11:25:27'),
(352, 5, 'bet', 10, '2025-06-14 11:25:29'),
(353, 5, 'bet', 10, '2025-06-14 11:25:29'),
(354, 5, 'bet', 10, '2025-06-14 11:25:30'),
(355, 5, 'bet', 10, '2025-06-14 11:25:31'),
(356, 5, 'bet', 10, '2025-06-14 11:25:32'),
(357, 5, 'bet', 10, '2025-06-14 11:25:32'),
(358, 5, 'bet', 10, '2025-06-14 11:25:32'),
(359, 5, 'bet', 10, '2025-06-14 11:25:32'),
(360, 5, 'bet', 10, '2025-06-14 11:25:32'),
(361, 5, 'bet', 10, '2025-06-14 11:25:32'),
(362, 5, 'bet', 10, '2025-06-14 11:25:33'),
(363, 5, 'bet', 10, '2025-06-14 11:25:33'),
(364, 5, 'bet', 10, '2025-06-14 11:25:33'),
(365, 5, 'bet', 10, '2025-06-14 11:25:33'),
(366, 5, 'bet', 10, '2025-06-14 11:25:34'),
(367, 5, 'bet', 10, '2025-06-14 11:25:34'),
(368, 5, 'bet', 10, '2025-06-14 11:25:35'),
(369, 5, 'bet', 10, '2025-06-14 11:25:36'),
(370, 5, 'bet', 10, '2025-06-14 11:25:36'),
(371, 5, 'bet', 10, '2025-06-14 11:25:36'),
(372, 5, 'win', 20, '2025-06-14 11:25:44'),
(373, 5, 'bet', 10, '2025-06-14 11:26:36'),
(374, 5, 'bet', 10, '2025-06-14 11:26:41'),
(375, 5, 'bet', 10, '2025-06-14 11:26:44'),
(376, 5, 'bet', 10, '2025-06-14 11:26:46'),
(377, 5, 'bet', 10, '2025-06-14 11:26:46'),
(378, 5, 'bet', 10, '2025-06-14 11:26:46'),
(379, 5, 'bet', 10, '2025-06-14 11:26:46'),
(380, 5, 'bet', 10, '2025-06-14 11:26:47'),
(381, 5, 'bet', 10, '2025-06-14 11:26:47'),
(382, 5, 'bet', 10, '2025-06-14 11:26:47'),
(383, 5, 'bet', 10, '2025-06-14 11:26:49'),
(384, 5, 'bet', 10, '2025-06-14 11:26:49'),
(385, 5, 'bet', 10, '2025-06-14 11:26:49'),
(386, 5, 'bet', 10, '2025-06-14 11:26:49'),
(387, 5, 'bet', 10, '2025-06-14 11:26:49'),
(388, 5, 'bet', 10, '2025-06-14 11:26:49'),
(389, 5, 'bet', 10, '2025-06-14 11:26:49'),
(390, 5, 'bet', 10, '2025-06-14 11:26:50'),
(391, 5, 'bet', 10, '2025-06-14 11:26:50'),
(392, 5, 'bet', 10, '2025-06-14 11:26:51'),
(393, 5, 'bet', 10, '2025-06-14 11:26:51'),
(394, 5, 'bet', 10, '2025-06-14 11:26:51'),
(395, 5, 'bet', 10, '2025-06-14 11:26:51'),
(396, 5, 'bet', 10, '2025-06-14 11:26:51'),
(397, 5, 'bet', 10, '2025-06-14 11:26:52'),
(398, 5, 'bet', 10, '2025-06-14 11:26:52'),
(399, 5, 'bet', 10, '2025-06-14 11:26:52'),
(400, 5, 'bet', 10, '2025-06-14 11:26:52'),
(401, 5, 'bet', 10, '2025-06-14 11:26:52'),
(402, 5, 'bet', 10, '2025-06-14 11:26:52'),
(403, 5, 'bet', 10, '2025-06-14 11:26:53'),
(404, 5, 'bet', 10, '2025-06-14 11:26:54'),
(405, 5, 'bet', 10, '2025-06-14 11:26:54'),
(406, 5, 'bet', 10, '2025-06-14 11:26:54'),
(407, 5, 'bet', 10, '2025-06-14 11:26:54'),
(408, 5, 'bet', 10, '2025-06-14 11:29:14'),
(409, 5, 'bet', 10, '2025-06-14 11:29:18'),
(410, 5, 'bet', 10, '2025-06-14 11:46:38'),
(411, 5, 'bet', 10, '2025-06-14 11:48:41'),
(412, 5, 'bet', 10, '2025-06-14 11:48:54'),
(413, 5, 'bet', 10, '2025-06-14 11:49:05'),
(414, 5, 'bet', 10, '2025-06-14 11:49:20'),
(415, 5, 'bet', 10, '2025-06-14 12:03:39'),
(416, 5, 'bet', 8, '2025-06-14 12:03:51'),
(417, 5, 'bet', 10, '2025-06-14 12:04:04'),
(418, 5, 'bet', 10, '2025-06-14 12:05:08'),
(419, 5, 'bet', 10, '2025-06-14 12:05:55'),
(420, 5, 'bet', 10, '2025-06-14 12:06:11'),
(421, 5, 'bet', 10, '2025-06-14 12:28:23'),
(422, 5, 'bet', 10, '2025-06-14 12:28:31'),
(423, 5, 'win', 15, '2025-06-14 12:28:40'),
(424, 5, 'win', 20, '2025-06-14 12:28:57'),
(425, 5, 'bet', 10, '2025-06-14 12:29:57'),
(426, 5, 'bet', 10, '2025-06-14 12:31:43'),
(427, 5, 'bet', 10, '2025-06-14 12:31:51'),
(432, 11, 'win', 20, '2025-06-14 15:30:52'),
(433, 11, 'bet', 10, '2025-06-14 15:53:44'),
(434, 11, 'win', 20, '2025-06-14 19:27:07'),
(435, 11, 'withdraw', 10, '2025-06-15 09:16:26'),
(436, 11, 'withdraw', 10, '2025-06-15 09:16:28'),
(437, 11, 'bet', 10, '2025-06-15 09:17:00'),
(438, 11, 'win', 20, '2025-06-15 09:17:13'),
(439, 11, 'win', 42, '2025-06-15 09:17:22'),
(440, 11, 'bet', 20, '2025-06-15 09:17:27'),
(441, 11, 'bet', 10, '2025-06-15 09:35:48'),
(442, 11, 'withdraw', 10, '2025-06-15 09:41:05'),
(443, 11, 'win', 20, '2025-06-15 11:53:46'),
(444, 11, 'win', 15, '2025-06-15 12:12:17'),
(445, 11, 'win', 20, '2025-06-15 12:12:38'),
(446, 11, 'bet', 10, '2025-06-15 12:13:08'),
(447, 11, 'bet', 10, '2025-06-15 12:17:18'),
(448, 11, 'bet', 10, '2025-06-15 12:17:39'),
(449, 11, 'win', 10, '2025-06-15 12:18:47'),
(450, 11, 'bet', 10, '2025-06-15 12:19:14'),
(451, 11, 'bet', 10, '2025-06-15 12:20:25'),
(452, 11, 'bet', 10, '2025-06-15 12:20:30'),
(453, 11, 'bet', 10, '2025-06-15 12:20:34'),
(454, 11, 'bet', 10, '2025-06-15 12:20:38'),
(455, 11, 'win', 10, '2025-06-15 12:20:42'),
(456, 11, 'win', 10, '2025-06-15 12:22:46'),
(457, 11, 'bet', 10, '2025-06-15 12:22:50'),
(458, 11, 'bet', 10, '2025-06-15 12:22:56'),
(459, 11, 'bet', 10, '2025-06-15 12:22:59'),
(460, 11, 'bet', 10, '2025-06-15 12:23:02'),
(461, 11, 'bet', 10, '2025-06-15 12:23:07'),
(462, 11, 'bet', 10, '2025-06-15 12:23:11'),
(463, 11, 'bet', 10, '2025-06-15 12:23:14'),
(464, 11, 'bet', 10, '2025-06-15 12:23:17'),
(465, 11, 'bet', 10, '2025-06-15 12:23:21'),
(466, 11, 'bet', 10, '2025-06-15 12:23:24'),
(467, 11, 'bet', 110, '2025-06-15 12:23:27'),
(468, 11, 'win', 100, '2025-06-15 12:23:30'),
(469, 11, 'bet', 10, '2025-06-15 12:26:06'),
(470, 11, 'win', 20, '2025-06-15 12:34:50'),
(471, 11, 'bet', 10, '2025-06-15 12:35:02'),
(472, 11, 'bet', 10, '2025-06-15 12:38:35'),
(473, 11, 'bet', 10, '2025-06-15 12:38:48'),
(474, 11, 'bet', 10, '2025-06-15 12:39:06'),
(475, 11, 'bet', 10, '2025-06-15 12:49:13'),
(476, 11, 'win', 20, '2025-06-15 12:49:56'),
(477, 11, 'bet', 10, '2025-06-15 12:51:38'),
(478, 11, 'win', 20, '2025-06-15 12:51:47'),
(479, 11, 'bet', 10, '2025-06-15 12:52:37'),
(480, 11, 'win', 20, '2025-06-15 12:54:47'),
(481, 11, 'win', 20, '2025-06-15 13:00:41'),
(482, 11, 'bet', 10, '2025-06-15 13:01:46'),
(483, 11, 'bet', 10, '2025-06-15 13:05:44'),
(484, 11, 'win', 20, '2025-06-15 13:06:31'),
(485, 11, 'bet', 10, '2025-06-15 13:08:48'),
(486, 11, 'bet', 10, '2025-06-15 13:08:55'),
(487, 11, 'bet', 10, '2025-06-15 13:09:03'),
(488, 11, 'bet', 10, '2025-06-15 13:09:32'),
(489, 11, 'bet', 10, '2025-06-15 13:09:43'),
(490, 11, 'bet', 10, '2025-06-15 13:09:58'),
(491, 11, 'win', 20, '2025-06-15 13:10:06'),
(492, 11, 'bet', 10, '2025-06-15 13:13:15'),
(493, 11, 'win', 30, '2025-06-15 13:13:22'),
(494, 11, 'win', 20, '2025-06-15 13:14:00'),
(495, 11, 'bet', 10, '2025-06-15 13:14:59'),
(496, 11, 'bet', 10, '2025-06-15 13:15:04'),
(497, 11, 'bet', 10, '2025-06-15 13:15:10'),
(498, 11, 'win', 20, '2025-06-15 13:15:20'),
(499, 11, 'win', 20, '2025-06-15 13:16:16'),
(500, 11, 'withdraw', 10, '2025-06-15 15:45:35'),
(501, 11, 'withdraw', 10, '2025-06-15 15:54:41'),
(502, 11, 'withdraw', 1, '2025-06-22 17:37:37'),
(503, 11, 'withdraw', 10, '2025-06-22 17:37:50'),
(504, 11, 'withdraw', 10, '2025-06-22 17:39:15'),
(505, 11, 'withdraw', 10, '2025-06-22 17:39:32'),
(506, 11, 'withdraw', 10, '2025-06-22 17:39:56'),
(507, 11, 'withdraw', 10, '2025-06-22 17:45:27'),
(508, 11, 'withdraw', 10, '2025-06-22 17:47:03'),
(509, 11, 'withdraw', 10, '2025-06-22 17:47:11'),
(510, 11, 'withdraw', 10, '2025-06-22 17:47:57'),
(511, 11, 'withdraw', 10, '2025-06-22 17:48:12'),
(512, 11, 'withdraw', 10, '2025-06-22 17:48:20'),
(513, 11, 'withdraw', 10, '2025-06-22 17:48:30'),
(514, 11, 'withdraw', 10, '2025-06-22 17:48:40'),
(515, 11, 'withdraw', 10, '2025-06-22 17:50:00'),
(516, 11, 'withdraw', 10, '2025-06-22 17:50:09'),
(517, 11, 'withdraw', 10, '2025-06-22 17:50:21'),
(518, 11, 'withdraw', 10, '2025-06-22 17:50:40'),
(519, 11, 'withdraw', 10, '2025-06-22 17:54:15'),
(520, 11, 'withdraw', 10, '2025-06-22 17:56:33'),
(521, 11, 'withdraw', 10, '2025-06-22 17:57:01'),
(522, 11, 'withdraw', 10, '2025-06-22 18:07:08'),
(523, 11, 'withdraw', 10, '2025-06-22 18:29:40'),
(524, 11, 'withdraw', 10, '2025-06-22 18:29:59'),
(525, 11, 'withdraw', 10, '2025-06-22 18:50:15'),
(526, 11, 'withdraw', 10, '2025-06-22 18:51:03'),
(527, 11, 'withdraw', 10, '2025-06-22 18:51:15'),
(528, 11, 'withdraw', 10, '2025-06-22 19:00:38'),
(529, 11, 'withdraw', 10, '2025-06-22 19:01:29'),
(530, 11, 'withdraw', 10, '2025-06-22 19:02:56'),
(531, 11, 'withdraw', 10, '2025-06-22 19:03:30'),
(532, 11, 'withdraw', 10, '2025-06-22 19:06:23'),
(533, 11, 'withdraw', 10, '2025-06-22 19:06:43'),
(534, 11, 'withdraw', 10, '2025-06-22 19:07:00'),
(535, 11, 'bet', 10, '2025-06-22 19:35:41'),
(536, 11, 'win', 20, '2025-06-22 19:37:22'),
(537, 11, 'bet', 10, '2025-06-22 19:40:39'),
(538, 11, 'bet', 10, '2025-06-22 19:51:53'),
(539, 11, 'bet', 10, '2025-06-22 19:52:09'),
(540, 11, 'win', 20, '2025-06-22 19:52:53'),
(541, 11, 'bet', 10, '2025-06-22 20:57:50'),
(542, 11, 'bet', 10, '2025-06-22 21:16:53'),
(543, 11, 'win', 40, '2025-06-22 21:54:35'),
(544, 11, 'bet', 100000, '2025-06-22 22:31:10'),
(545, 11, 'win', 19, '2025-06-22 22:50:45'),
(546, 11, 'win', 19, '2025-06-22 22:50:53'),
(547, 11, 'win', 19, '2025-06-22 22:51:04'),
(548, 11, 'bet', 10, '2025-06-22 22:51:10'),
(549, 11, 'win', 19, '2025-06-22 22:51:20'),
(550, 11, 'bet', 10, '2025-06-22 22:51:25'),
(551, 11, 'win', 19, '2025-06-22 22:51:33'),
(552, 11, 'withdraw', 1000, '2025-06-23 12:54:13'),
(553, 11, 'withdraw', 1000, '2025-06-23 13:24:35'),
(554, 11, 'bet', 10, '2025-06-23 13:31:11'),
(555, 11, 'bet', 10, '2025-06-23 13:31:20'),
(556, 11, 'bet', 10, '2025-06-23 13:31:32'),
(557, 11, 'win', 10, '2025-06-23 13:31:40'),
(558, 11, 'win', 10, '2025-06-23 13:32:10'),
(559, 11, 'bet', 10, '2025-06-23 13:32:26'),
(560, 11, 'withdraw', 1000, '2025-06-23 22:48:17'),
(561, 11, 'withdraw', 1000, '2025-06-24 07:59:22'),
(562, 11, 'withdraw', 1000, '2025-06-24 08:08:50'),
(563, 11, 'bet', 10, '2025-06-24 11:15:23'),
(564, 11, 'bet', 10, '2025-06-24 11:18:11'),
(565, 11, 'bet', 10, '2025-06-24 11:19:04'),
(566, 11, 'bet', 10, '2025-06-24 11:19:13'),
(567, 11, 'bet', 10, '2025-06-24 11:19:22'),
(568, 11, 'win', 10, '2025-06-24 11:19:35'),
(569, 11, 'bet', 10, '2025-06-24 11:19:47'),
(570, 11, 'withdraw', 100, '2025-06-24 11:20:43');

-- --------------------------------------------------------

--
-- Table structure for table `users`
--

CREATE TABLE `users` (
  `id` int(11) NOT NULL,
  `username` varchar(255) DEFAULT NULL,
  `email` varchar(255) DEFAULT NULL,
  `phone` varchar(20) DEFAULT NULL,
  `password` varchar(255) DEFAULT NULL,
  `profile_pic` varchar(255) DEFAULT 'default.png',
  `user_id` varchar(20) DEFAULT NULL
) ENGINE=InnoDB DEFAULT CHARSET=utf8mb4 COLLATE=utf8mb4_general_ci;

--
-- Dumping data for table `users`
--

INSERT INTO `users` (`id`, `username`, `email`, `phone`, `password`, `profile_pic`, `user_id`) VALUES
(5, 'test', 'shielaonsana12@gmail.com', NULL, '$2y$10$igF69gyZnrHYSK1Ub61N/elHaj3KwGRmHEBJiAsQumUDSW4BdDj0m', 'default.png', NULL),
(11, 'ECASINOTEST', 'shielaonsana4@gmail.com', NULL, '$2y$10$QML2HabAXPLaUm6AOMzHU..4aX0/JrRy6K64ZVxDOJJoaGHZjwdgm', 'avatar1.png', '111'),
(18, 'user6231', NULL, '9611485329', '$2y$10$kY1.znN2PezhnSec/Y7IAOpDry.a7EjS4Gg8vLSH2J/uRY9G4rwTO', 'avatar4.png', 'ECASINO319724'),
(20, 'user9474', 'shielaonsana04@gmail.com', NULL, '$2y$10$4ErysChzHw/Jia3YvLuQGu/QA698lfUgWTVrNgR64q5XU/Aejpdty', 'default.png', 'ECASINO137003'),
(24, 'user9601', 'user@gmail.com', NULL, '$2y$10$ZLQImKO4heoptcMEjtPllOlY9W3uJeesONACI7s0ZE821UoRLsBnq', 'default.png', 'ECASINO257181');

-- --------------------------------------------------------

--
-- Table structure for table `wallets`
--

CREATE TABLE `wallets` (
  `id` int(11) NOT NULL,
  `user_id` int(11) DEFAULT NULL,
  `token_balance` float DEFAULT 0,
  `wallet_address` varchar(255) DEFAULT NULL
) ENGINE=InnoDB DEFAULT CHARSET=utf8mb4 COLLATE=utf8mb4_general_ci;

--
-- Dumping data for table `wallets`
--

INSERT INTO `wallets` (`id`, `user_id`, `token_balance`, `wallet_address`) VALUES
(9, 5, 1910, '0xf39Fd6e51aad88F6F4ce6aB8827279cffFb92266'),
(10, 11, 3312, '0xf39Fd6e51aad88F6F4ce6aB8827279cffFb92266'),
(15, 16, 0, NULL),
(16, 17, 0, NULL),
(17, 18, 0, NULL),
(18, 19, 0, NULL),
(19, 20, 10, NULL),
(20, 21, 0, NULL),
(21, 22, 0, NULL),
(22, 23, 0, NULL),
(23, 24, 10, NULL);

-- --------------------------------------------------------

--
-- Table structure for table `wallet_activity`
--

CREATE TABLE `wallet_activity` (
  `id` int(11) NOT NULL,
  `user_id` int(11) NOT NULL,
  `action` enum('deposit','withdraw') NOT NULL,
  `amount` decimal(18,8) NOT NULL,
  `tx_hash` varchar(100) DEFAULT NULL,
  `created_at` timestamp NOT NULL DEFAULT current_timestamp()
) ENGINE=InnoDB DEFAULT CHARSET=utf8mb4 COLLATE=utf8mb4_general_ci;

--
-- Dumping data for table `wallet_activity`
--

INSERT INTO `wallet_activity` (`id`, `user_id`, `action`, `amount`, `tx_hash`, `created_at`) VALUES
(1, 5, 'deposit', 10.00000000, NULL, '2025-06-14 02:10:01'),
(2, 5, 'withdraw', 10.00000000, NULL, '2025-06-14 02:15:52'),
(3, 5, 'deposit', 10.00000000, NULL, '2025-06-14 02:19:43'),
(4, 5, 'withdraw', 5.00000000, NULL, '2025-06-14 02:20:50'),
(5, 5, 'deposit', 5.00000000, NULL, '2025-06-14 02:21:23'),
(6, 5, 'withdraw', 5.00000000, NULL, '2025-06-14 02:21:37'),
(7, 5, 'deposit', 955.00000000, NULL, '2025-06-14 04:32:52'),
(11, 11, 'deposit', 10.00000000, NULL, '2025-06-14 05:04:35'),
(12, 11, 'withdraw', 40.00000000, NULL, '2025-06-14 05:13:48'),
(13, 11, 'deposit', 10.00000000, NULL, '2025-06-14 05:33:40'),
(14, 11, 'deposit', 100000.00000000, NULL, '2025-06-15 01:16:14'),
(15, 11, 'withdraw', 10.00000000, NULL, '2025-06-15 01:16:26'),
(16, 11, 'withdraw', 10.00000000, NULL, '2025-06-15 01:16:28'),
(17, 11, 'withdraw', 10.00000000, NULL, '2025-06-15 01:41:05'),
(18, 11, 'deposit', 10.00000000, NULL, '2025-06-15 06:30:10'),
(19, 11, 'deposit', 10.00000000, NULL, '2025-06-15 06:32:19'),
(20, 11, 'deposit', 1.00000000, NULL, '2025-06-15 06:32:50'),
(21, 11, 'deposit', 10.00000000, NULL, '2025-06-15 06:33:08'),
(22, 11, 'deposit', 1.00000000, NULL, '2025-06-15 06:34:34'),
(23, 11, 'deposit', 1.00000000, NULL, '2025-06-15 06:35:18'),
(24, 11, 'deposit', 1.00000000, NULL, '2025-06-15 06:37:42'),
(25, 11, 'deposit', 1.00000000, NULL, '2025-06-15 06:39:57'),
(26, 11, 'deposit', 1.00000000, NULL, '2025-06-15 06:42:37'),
(27, 11, 'deposit', 1.00000000, NULL, '2025-06-15 06:43:11'),
(28, 11, 'deposit', 1.00000000, NULL, '2025-06-15 06:48:05'),
(29, 11, 'deposit', 1.00000000, NULL, '2025-06-15 06:51:26'),
(30, 11, 'deposit', 1.00000000, NULL, '2025-06-15 06:53:30'),
(31, 11, 'deposit', 1.00000000, NULL, '2025-06-15 06:54:45'),
(32, 11, 'deposit', 1.00000000, NULL, '2025-06-15 06:58:21'),
(33, 11, 'deposit', 1.00000000, NULL, '2025-06-15 07:00:00'),
(34, 11, 'deposit', 1.00000000, NULL, '2025-06-15 07:00:15'),
(35, 11, 'deposit', 1.00000000, NULL, '2025-06-15 07:00:31'),
(36, 11, 'deposit', 1.00000000, NULL, '2025-06-15 07:04:01'),
(37, 11, 'deposit', 5.00000000, NULL, '2025-06-15 07:04:42'),
(38, 11, 'deposit', 1.00000000, NULL, '2025-06-15 07:08:17'),
(39, 11, 'deposit', 1.00000000, NULL, '2025-06-15 07:10:16'),
(40, 11, 'deposit', 1.00000000, NULL, '2025-06-15 07:11:04'),
(41, 11, 'deposit', 1.00000000, NULL, '2025-06-15 07:12:05'),
(42, 11, 'deposit', 1.00000000, NULL, '2025-06-15 07:29:13'),
(43, 11, 'deposit', 1.00000000, NULL, '2025-06-15 07:29:35'),
(44, 11, 'deposit', 1.00000000, NULL, '2025-06-15 07:45:18'),
(45, 11, 'withdraw', 10.00000000, NULL, '2025-06-15 07:45:36'),
(46, 11, 'deposit', 10.00000000, NULL, '2025-06-15 07:54:32'),
(47, 11, 'withdraw', 10.00000000, NULL, '2025-06-15 07:54:41'),
(48, 11, 'deposit', 1000.00000000, NULL, '2025-06-22 04:38:17'),
(49, 11, 'deposit', 1000.00000000, NULL, '2025-06-22 09:24:37'),
(50, 11, 'deposit', 1.00000000, NULL, '2025-06-22 09:26:28'),
(51, 11, 'deposit', 1.00000000, NULL, '2025-06-22 09:29:24'),
(52, 11, 'deposit', 1.00000000, NULL, '2025-06-22 09:30:18'),
(53, 11, 'deposit', 1.00000000, NULL, '2025-06-22 09:31:33'),
(54, 11, 'deposit', 6.00000000, NULL, '2025-06-22 09:33:00'),
(55, 11, 'deposit', 1.00000000, NULL, '2025-06-22 09:35:34'),
(56, 11, 'withdraw', 1.00000000, NULL, '2025-06-22 09:37:37'),
(57, 11, 'withdraw', 10.00000000, NULL, '2025-06-22 09:37:50'),
(58, 11, 'withdraw', 10.00000000, NULL, '2025-06-22 09:39:15'),
(59, 11, 'withdraw', 10.00000000, NULL, '2025-06-22 09:39:32'),
(60, 11, 'withdraw', 10.00000000, NULL, '2025-06-22 09:39:56'),
(61, 11, 'deposit', 30.00000000, NULL, '2025-06-22 09:42:01'),
(62, 11, 'withdraw', 10.00000000, NULL, '2025-06-22 09:45:27'),
(63, 11, 'withdraw', 10.00000000, NULL, '2025-06-22 09:47:03'),
(64, 11, 'withdraw', 10.00000000, NULL, '2025-06-22 09:47:11'),
(65, 11, 'withdraw', 10.00000000, NULL, '2025-06-22 09:47:57'),
(66, 11, 'withdraw', 10.00000000, NULL, '2025-06-22 09:48:12'),
(67, 11, 'withdraw', 10.00000000, NULL, '2025-06-22 09:48:20'),
(68, 11, 'withdraw', 10.00000000, NULL, '2025-06-22 09:48:30'),
(69, 11, 'withdraw', 10.00000000, NULL, '2025-06-22 09:48:41'),
(70, 11, 'withdraw', 10.00000000, NULL, '2025-06-22 09:50:00'),
(71, 11, 'withdraw', 10.00000000, NULL, '2025-06-22 09:50:09'),
(72, 11, 'withdraw', 10.00000000, NULL, '2025-06-22 09:50:22'),
(73, 11, 'withdraw', 10.00000000, NULL, '2025-06-22 09:50:40'),
(74, 11, 'deposit', 120.00000000, NULL, '2025-06-22 09:52:19'),
(75, 11, 'deposit', 100.00000000, NULL, '2025-06-22 09:52:56'),
(76, 11, 'deposit', 100.00000000, NULL, '2025-06-22 09:53:54'),
(77, 11, 'withdraw', 10.00000000, NULL, '2025-06-22 09:54:15'),
(78, 11, 'withdraw', 10.00000000, NULL, '2025-06-22 09:56:33'),
(79, 11, 'withdraw', 10.00000000, NULL, '2025-06-22 09:57:01'),
(80, 11, 'deposit', 10.00000000, NULL, '2025-06-22 09:57:50'),
(81, 11, 'deposit', 10.00000000, NULL, '2025-06-22 10:05:04'),
(82, 11, 'deposit', 10.00000000, NULL, '2025-06-22 10:05:53'),
(83, 11, 'withdraw', 10.00000000, NULL, '2025-06-22 10:07:08'),
(84, 11, 'deposit', 10.00000000, NULL, '2025-06-22 10:07:28'),
(85, 11, 'deposit', 10.00000000, NULL, '2025-06-22 10:09:37'),
(86, 11, 'withdraw', 10.00000000, NULL, '2025-06-22 10:29:40'),
(87, 11, 'withdraw', 10.00000000, NULL, '2025-06-22 10:29:59'),
(88, 11, 'withdraw', 10.00000000, NULL, '2025-06-22 10:50:15'),
(89, 11, 'withdraw', 10.00000000, NULL, '2025-06-22 10:51:03'),
(90, 11, 'withdraw', 10.00000000, NULL, '2025-06-22 10:51:15'),
(91, 11, 'withdraw', 10.00000000, NULL, '2025-06-22 11:00:38'),
(92, 11, 'withdraw', 10.00000000, NULL, '2025-06-22 11:01:29'),
(93, 11, 'withdraw', 10.00000000, NULL, '2025-06-22 11:02:56'),
(94, 11, 'withdraw', 10.00000000, NULL, '2025-06-22 11:03:30'),
(95, 11, 'withdraw', 10.00000000, NULL, '2025-06-22 11:06:23'),
(96, 11, 'withdraw', 10.00000000, NULL, '2025-06-22 11:06:43'),
(97, 11, 'withdraw', 10.00000000, NULL, '2025-06-22 11:07:00'),
(98, 11, 'deposit', 1000.00000000, NULL, '2025-06-23 04:53:37'),
(99, 11, 'withdraw', 1000.00000000, NULL, '2025-06-23 04:54:13'),
(100, 11, 'deposit', 1000.00000000, NULL, '2025-06-23 05:24:26'),
(101, 11, 'withdraw', 1000.00000000, NULL, '2025-06-23 05:24:35'),
(102, 11, 'deposit', 1000.00000000, NULL, '2025-06-23 14:48:03'),
(103, 11, 'withdraw', 1000.00000000, NULL, '2025-06-23 14:48:17'),
(104, 11, 'withdraw', 1000.00000000, NULL, '2025-06-23 23:59:22'),
(105, 11, 'deposit', 1000.00000000, NULL, '2025-06-24 00:02:14'),
(106, 11, 'deposit', 1000.00000000, NULL, '2025-06-24 00:08:39'),
(107, 11, 'withdraw', 1000.00000000, NULL, '2025-06-24 00:08:50'),
(108, 11, 'withdraw', 100.00000000, NULL, '2025-06-24 03:20:43');

--
-- Indexes for dumped tables
--

--
-- Indexes for table `casino_status`
--
ALTER TABLE `casino_status`
  ADD PRIMARY KEY (`id`);

--
-- Indexes for table `games`
--
ALTER TABLE `games`
  ADD PRIMARY KEY (`id`);

--
-- Indexes for table `mining_log`
--
ALTER TABLE `mining_log`
  ADD PRIMARY KEY (`id`);

--
-- Indexes for table `transactions`
--
ALTER TABLE `transactions`
  ADD PRIMARY KEY (`id`);

--
-- Indexes for table `users`
--
ALTER TABLE `users`
  ADD PRIMARY KEY (`id`),
  ADD UNIQUE KEY `user_id` (`user_id`);

--
-- Indexes for table `wallets`
--
ALTER TABLE `wallets`
  ADD PRIMARY KEY (`id`);

--
-- Indexes for table `wallet_activity`
--
ALTER TABLE `wallet_activity`
  ADD PRIMARY KEY (`id`),
  ADD KEY `user_id` (`user_id`);

--
-- AUTO_INCREMENT for dumped tables
--

--
-- AUTO_INCREMENT for table `casino_status`
--
ALTER TABLE `casino_status`
  MODIFY `id` int(11) NOT NULL AUTO_INCREMENT, AUTO_INCREMENT=2;

--
-- AUTO_INCREMENT for table `games`
--
ALTER TABLE `games`
  MODIFY `id` int(11) NOT NULL AUTO_INCREMENT, AUTO_INCREMENT=506;

--
-- AUTO_INCREMENT for table `mining_log`
--
ALTER TABLE `mining_log`
  MODIFY `id` int(11) NOT NULL AUTO_INCREMENT, AUTO_INCREMENT=11;

--
-- AUTO_INCREMENT for table `transactions`
--
ALTER TABLE `transactions`
  MODIFY `id` int(11) NOT NULL AUTO_INCREMENT, AUTO_INCREMENT=571;

--
-- AUTO_INCREMENT for table `users`
--
ALTER TABLE `users`
  MODIFY `id` int(11) NOT NULL AUTO_INCREMENT, AUTO_INCREMENT=25;

--
-- AUTO_INCREMENT for table `wallets`
--
ALTER TABLE `wallets`
  MODIFY `id` int(11) NOT NULL AUTO_INCREMENT, AUTO_INCREMENT=24;

--
-- AUTO_INCREMENT for table `wallet_activity`
--
ALTER TABLE `wallet_activity`
  MODIFY `id` int(11) NOT NULL AUTO_INCREMENT, AUTO_INCREMENT=109;

--
-- Constraints for dumped tables
--

--
-- Constraints for table `wallet_activity`
--
ALTER TABLE `wallet_activity`
  ADD CONSTRAINT `wallet_activity_ibfk_1` FOREIGN KEY (`user_id`) REFERENCES `users` (`id`);
COMMIT;

/*!40101 SET CHARACTER_SET_CLIENT=@OLD_CHARACTER_SET_CLIENT */;
/*!40101 SET CHARACTER_SET_RESULTS=@OLD_CHARACTER_SET_RESULTS */;
/*!40101 SET COLLATION_CONNECTION=@OLD_COLLATION_CONNECTION */;
